modelo,cod_municipio,mae,mape,rmse,r2
gb_municipio,7001,0.005846816638588807,2.023254615371674,0.005922848258673618,-0.00548147597917259
gb_municipio,7002,0.04130251199137954,3.478895046159658,0.045334265523490166,-3.725794756001193
gb_municipio,7003,0.9420270184576901,22.20496223856428,0.9439457651991455,-112.30219091718658
gb_municipio,7004,0.00904986607128532,4.410248295252007,0.010136010813509955,-3.9712281553995696
gb_municipio,7005,0.2920642676073995,16.514776669373724,0.30233874986194514,-14.043676206209176
gb_municipio,7006,0.005076284033632028,1.0310232888400446,0.006317576375973452,-1.9443109950518038
gb_municipio,7007,0.006307507156061859,16.648426307724236,0.007744273692129966,-15.86762422398586
gb_municipio,7008,0.06850444345794782,18.543636900482806,0.06860212688535654,-315.0915396921713
gb_municipio,7009,0.005796728243734932,5.529820154148358,0.006702189393301491,-3.2111883747202885
gb_municipio,7010,0.09668470214459446,8.888482010769662,0.12943885760602025,-249.48133010824574
gb_municipio,7011,0.9138441120560277,8.630417402281958,0.9502213079017617,-10.314762150362721
gb_municipio,7012,0.013246133834545185,7.471781885110105,0.013778462871524835,-11.750853372521673
gb_municipio,7013,0.06689614338586503,10.666022265601105,0.08198701485664014,-1.9073834797157954
gb_municipio,7014,0.2037079663259802,8.601862540632938,0.2208410923567427,-8.531750112049403
gb_municipio,7015,0.1758759217731621,5.518784229137892,0.24911191930405305,-1.1528876860049238
gb_municipio,7016,0.002482525042511489,1.146499544302936,0.003332584542658552,-0.6121786710596813
gb_municipio,7017,0.003469632183692749,8.105982152900932,0.003620202015828191,-57.97638185932995
gb_municipio,7018,0.012450813636511732,13.155155923591751,0.013906140137729905,0.03309633234908638
gb_municipio,7019,0.0010005638599257446,4.784803960580467,0.001290558719414703,-0.07070544816541946
gb_municipio,7020,0.09495095897868122,35.17132774752278,0.10943237671232485,-3.5346266263957276
gb_municipio,7021,0.004177857354215049,18.0679777773408,0.004438709459307462,-1.061852034619882
gb_municipio,7022,0.10292304718379881,7.213449258769382,0.1343639361176603,-1.4796722821670207
gb_municipio,7023,0.005704306298473997,2.236082294512803,0.006475790699281568,-5.739692618359183
gb_municipio,7024,0.16693928264790092,20.785243425728048,0.19226782066059211,-3.050330327410613
gb_municipio,7025,0.0005175398844819643,1.5047704164111129,0.0005230601200579897,-0.23116350137785124
gb_municipio,7026,0.2990429107697386,7.29422589775924,0.30657289978760865,-12.947409410988746
gb_municipio,7027,0.1975928114862552,10.572009681466204,0.20211547349734946,-0.32792989208969114
gb_municipio,7028,0.0015423136532337716,2.5149819471285135,0.00198350370821606,-1.5291844746115486
gb_municipio,7029,0.006924507666236553,2.484380271365894,0.007057575618557597,-10.796956908024393
gb_municipio,7030,0.010159103492307128,8.469540741288984,0.010492677096732548,-14.98171699849457
gb_municipio,7031,0.20009650097593093,6.2436404077090355,0.22628248327882877,-5.701478349031493
gb_municipio,7032,0.02388203334009087,1.2660587792125664,0.027092375419609058,-1.6897277088328195
gb_municipio,7033,0.2802086920964261,7.121021105757778,0.30199330293055493,-3.178330474817786
gb_municipio,7034,0.0016553310198234306,1.9639770425491614,0.0017080063198372873,-0.8753978783883736
gb_municipio,7035,0.009932496394260077,9.125945706110834,0.010433406963933908,-11.560305485584351
gb_municipio,7036,0.020337440593985495,0.8163748676390004,0.022259363396430035,-0.5668704600593506
gb_municipio,7037,0.06339213334386755,5.399364750743138,0.07462761392973202,-2.225037115403822
gb_municipio,7038,0.0038126864423575165,3.5447431069615836,0.004383139977659392,-27.81787409563391
gb_municipio,7039,0.2654685867765623,16.10565790060766,0.2754441206762449,-14.94715242505461
gb_municipio,7040,0.8480685017862074,2.9644642411749587,0.8996788016688693,0.6549903088866931
gb_municipio,7041,0.029527890208832567,19.909621962590595,0.03010958215702205,-24.984975920490978
gb_municipio,7042,0.11252071041816403,6.298164638316549,0.12052680274527351,-8.787422639615407
gb_municipio,7043,0.006406294425079405,3.018743781972142,0.0072631047873503544,-3.844634901717182
gb_municipio,7044,0.0990815576384162,12.026337584876494,0.11082393908535342,-0.37563169561623755
gb_municipio,7045,0.003037791227559062,2.7577918398421124,0.003097379069545282,-13.390635650685766
gb_municipio,7046,0.25392562625983905,11.136084076458959,0.28756641721227094,-3.149892377550799
gb_municipio,7047,0.13335145506187698,46.554101203135104,0.14869581495438006,-2.1328758535301042
gb_municipio,7048,0.4637512760566416,12.392242989489514,0.49734180043660825,-7.396471885857933
gb_municipio,7049,0.014522792139781193,15.265100298260947,0.014961080381941173,-0.24198849306667403
gb_municipio,7050,0.07341998360084334,15.047611555052113,0.09152015926132186,-7.650844154344666
gb_municipio,7051,0.19744297253416124,8.82290572978645,0.21168015749214028,-17.377524684791926
gb_municipio,7052,0.07040488366582791,5.478695007909605,0.07741321843989953,-7.244460027974975
gb_municipio,7053,0.0041474049858917185,4.083242218551001,0.0042199264910925734,-0.1960448978509266
gb_municipio,7054,0.1678819421069475,4.002396033041636,0.17396328384255377,-4.125113223083792
gb_municipio,7055,0.12078907811649627,7.8243831884159825,0.1261685108745762,-10.783717570881084
gb_municipio,7056,0.059226808095472004,16.964932452275576,0.05951790234266644,-124.51742635212928
gb_municipio,7057,0.3824231088220131,11.877431915131242,0.3990798564011494,-10.67782202035503
gb_municipio,7058,0.02218708692035042,9.852798767568942,0.023548861164495324,-5.431623401162486
gb_municipio,7059,0.05106172612129504,7.980221556166701,0.05235005448153822,-10.387236305623333
gb_municipio,7060,0.024105863817450574,10.18473950668841,0.02461456116948566,-28.316610720952593
gb_municipio,7061,0.09032332020219691,9.409556959275815,0.09306620419594933,-14.993406908284655
gb_municipio,7062,0.085128643738545,6.00384281035615,0.09152455266046497,-2.954610452018668
gb_municipio,7063,0.0012384775474650056,0.5493841384097723,0.0017171902314043917,0.30161366796115874
gb_municipio,7064,0.023785642875683688,5.880089600468294,0.027422798790167548,-6.621721893439365
gb_municipio,7065,0.012406366376580916,7.137446920581573,0.013884354488502955,-7.943184000318121
gb_municipio,7901,0.008032880565688674,11.866019084108748,0.008054015328414117,-290.9022330964824
gb_municipio,7902,0.051320017328751445,14.847870357309237,0.0646160549551996,-2.2528662588088952
