id_edar,nombre_edar,punto_vertido,volumen_anual_maximo_m3,zona_abaqua,latitud_vertido,latitud_edar,longitud_vertido,longitud_edar,geometry_pg
666,DEIA,POUS INFILTRACIO,84887,ABAQUA / Mallorca 6,39.755463999999996,39.751917,2.641569,2.644097,0101000020E6100000C8FCE4531C2705400462F4D03EE04340
667,EIVISSA,EMISARI LITORAL,5475545,ABAQUA / Eivissa 1,38.90474,38.923054,1.46477,1.4418579999999999,0101000020E6100000CF2AB4B1D911F73FC48F29A226764340
668,ES MERCADAL-FORNELLS,TORRENT I REUTILITZACIÓ REG,398685,ABAQUA / Menorca 1,40.003589999999996,40.002763,4.09497,4.094386,0101000020E610000080D243B9A66010406EF3B6895A004440
669,ESTELLENCS,TERRENY,17439,ABAQUA / Mallorca 6,39.656884999999996,39.656898999999996,2.4794869999999998,2.479457,0101000020E6100000EC093E8DEDD50340EE83334415D44340
670,FELANITX,LLACUNA EVAPORACIÓ INFILTRACIO + TERRENY,1076088,ABAQUA / Mallorca 7,39.490156,39.477838999999996,3.129629,3.1377409999999997,0101000020E61000006ADB0DF4171A0940CB520DD429BD4340
671,FERRERIES,TORRENT,361493,ABAQUA / Menorca 2,39.977385,39.979692,4.014151,4.024386,0101000020E61000003428BEA4F81810402FF6248C66FD4340
672,FONT DE SA CALA,EMISARI LITORAL,158900,ABAQUA / Mallorca 2,39.682066,39.680095,3.4562019999999998,3.447181,0101000020E6100000000ED4A1D3930B4058A5595A0DD74340
673,FORMENTERA,EMISARI LITORAL I REUTILITZACIÓ REG,527086,ABAQUA / Eivissa 2,38.737269999999995,38.712861,1.40951,1.432551,0101000020E6100000DBE50E99BAEBF63F83847A073F5B4340
674,FORMENTOR,LLACUNA EVAPORACIÓ INFILTRACIO + TERRENY,28886,ABAQUA / Mallorca 3,39.93061,39.9304,3.13351,3.1330799999999996,0101000020E6100000A45E2A3F8C100940114BE05817F74340
675,INCA,TORRENT I REUTILITZACIÓ REG,2465109,ABAQUA / Mallorca 5,39.714534,39.714056,2.930725,2.930312,0101000020E61000003FBEF56A47710740D301DD2F66DB4340
676,LLORET,TORRENT,67837,ABAQUA / Mallorca 4,39.609026,39.60888,2.9813169999999998,2.9813009999999998,0101000020E610000010C7C456B4D90740476CA1C7EFCD4340
677,LLOSETA,TORRENT,277597,ABAQUA / Mallorca 5,39.709502,39.709133,2.8654479999999998,2.864998,0101000020E61000009B6C3A1284EB06403B7BBFDEC4DA4340
678,LLUBI,TORRENT,85313,ABAQUA / Mallorca 4,39.713409999999996,39.69739,3.01736,2.99292,0101000020E6100000237D680A80F10740FA51521344D94340
679,LLUC,TORRENT,30173,ABAQUA / Mallorca 5,39.823048,39.82222,2.88144,2.883025,0101000020E6100000D4C738696F1007401B7742813EE94340
680,LLUCMAJOR (S'ARENAL),EMISARI LITORAL I REUTILITZACIÓ REG,1945658,ABAQUA / Mallorca 7,39.502385,39.487088,2.744125,2.757743,0101000020E6100000B7C9F08FDB0F0640C30949E658BE4340
681,MANACOR,TORRENT,1553738,MUNICIPAL,39.58031,39.578209,3.19334,3.1928769999999997,0101000020E61000000915C918038B09408268A3C002CA4340
682,MANCOR DE LA VALL,TORRENT,52313,ABAQUA / Mallorca 5,39.749375,39.749637,2.881488,2.882084,0101000020E6100000C5DA4E0E820E074000AEEC1AF4DF4340
683,MAO-ES CASTELL,EMISARI LITORAL I REUTILITZACIÓ REG,1505577,ABAQUA / Menorca 1,39.863509,39.870394,4.313918,4.279449,0101000020E6100000061BECE0271E11407550101269EF4340
684,MIGJORN GRAN,TORRENT,187987,ABAQUA / Menorca 2,39.927555,39.929545999999995,4.05509,4.053474,0101000020E6100000D6415FE3C1361040A471005DFBF64340
685,MURO,TORRENT,367683,ABAQUA / Mallorca 4,39.754706,39.7381,3.0480929999999997,3.040686,0101000020E6100000340D6B2E535308404C678F0F7ADE4340
686,MURO-SANTA MARGALIDA,POUS INFILTRACIO,2250314,ABAQUA / Mallorca 3,39.7479,39.779835999999996,3.164021,3.118133,0101000020E61000009B0FE5B6EFF108409F8680AAD1E34340
687,PALMA I,EMISARI LITORAL I REUTILITZACIÓ REG,15124792,EMAYA,39.54867,39.547654,2.7689299999999997,2.766577,0101000020E6100000B6E1461FF3210640940BB88619C64340
688,PALMA II,EMISARI LITORAL I EDAR PALMA I,18079103,EMAYA,39.521589999999996,39.565014,2.7,2.692115,0101000020E6100000D4CDD09673890540A4C7F46052C84340
689,PEGUERA,EMISARI LITORAL I REUTILITZACIÓ REG,1049435,CALVIÀ 2000,39.526759999999996,39.542305999999996,2.44795,2.464838,0101000020E61000001F6F3AFCFCB703403E6D71486AC54340
690,PLATJA DEN BOSSA,EMISARI LITORAL,1445864,ABAQUA / Eivissa 2,38.871700000000004,38.874307,1.4133,1.387715,0101000020E6100000B0D5C2A41434F63FFA99AF4AE96F4340
691,POLLENCA,TORRENT I REUTILITZACIÓ REG,2659336,ABAQUA / Mallorca 3,39.88434,39.886136,3.03659,3.034089,0101000020E610000099242174D04508400C8188E76CF14340
692,PORRERES,TORRENT,280427,ABAQUA / Mallorca 7,39.509943,39.509181,3.0380279999999997,3.036126,0101000020E6100000799FA26DFC490840138ECDD72CC14340
693,PORT DE SANT MIQUEL,POUS INFILTRACIO,81947,ABAQUA / Eivissa 2,39.07508,39.075120999999996,1.4371699999999998,1.437557,0101000020E6100000509AE7C43B00F73F9C469D909D894340
694,PORTINATX,EMISARI LITORAL,701530,MUNICIPAL,39.11194,39.105215,1.51705,1.526435,0101000020E6100000B2EA351B476CF83FB19E61AF778D4340
695,PORTO COLOM,EMISARI LITORAL I REUTILITZACIÓ REG,321661,ABAQUA / Mallorca 1,39.40665,39.408729,3.26776,3.2466369999999998,0101000020E6100000BC61C2D11CF909407F40593B51B44340
696,PORTOCRISTO,POUS INFILTRACIO,618499,MUNICIPAL,39.55583,39.554477,3.35417,3.3533869999999997,0101000020E610000089D13890BCD30A404C33301AF9C64340
697,PUIGPUNYENT,TORRENT,80271,ABAQUA / Mallorca 6,39.62049,39.620621,2.53268,2.5327029999999997,0101000020E61000004BC84CCAF94204406440468270CF4340
698,RANDA,LLACUNA EVAPORACIÓ INFILTRACIO + TORRENT,7117,ABAQUA / Mallorca 7,39.537493,39.537259999999996,2.9147469999999998,2.9147719999999997,0101000020E6100000569375FB73510740DD9B87EFC4C44340
699,SA CALOBRA,EMISARI LITORAL,5052,ABAQUA / Mallorca 5,39.858829,39.845234999999995,2.797509,2.79708,0101000020E61000001B1AA87A6B600640414312A930EC4340
700,SA COMA,EMISARI LITORAL I REUTILITZACIÓ REG,2234725,MUNICIPAL,39.58576,39.584634,3.36463,3.3621399999999997,0101000020E6100000EB5F07A8A9E50A40FDCA7049D5CA4340
701,SA POBLA,TORRENT,755943,ABAQUA / Mallorca 3,39.79166,39.781658,3.04025,3.037324,0101000020E6100000009C7686704C084066FA8B5E0DE44340
702,SA RAPITA,LLACUNA EVAPORACIÓ INFILTRACIO + TORRENT,109633,ABAQUA / Mallorca 1,39.38464,39.383981,2.9542699999999997,2.954672,0101000020E61000007D4EDD122BA30740A80B144A26B14340
703,SANT ANTONI-SANT JOSEP,EMISARI LITORAL,2905200,ABAQUA / Eivissa 1,38.97653,38.963145,1.28368,1.320667,0101000020E6100000C97F3FB87321F53F54E5D855487B4340
704,SANT CLIMENT,POUS INFILTRACIO,33410,ABAQUA / Menorca 1,39.873321,39.872046,4.199174,4.1983619999999995,0101000020E6100000A79D9C491FCB1040BB3830389FEF4340
705,SANT ELM,EMISARI LITORAL,48367,ABAQUA / Mallorca 6,39.575415,39.579397,2.350063,2.3691,0101000020E6100000A7096CB3EAF302409B854CAE29CA4340
706,SANT JOAN,TORRENT,147542,ABAQUA / Mallorca 4,39.585409,39.585117,3.0461739999999997,3.045765,0101000020E61000005418500ABA5D08405050231DE5CA4340
707,SANT JOAN DE LABRITJA,LLACUNA EVAPORACIÓ INFILTRACIO + TORRENT,15913,ABAQUA / Eivissa 2,39.0753,39.075306999999995,1.50602,1.505792,0101000020E61000005785F281B917F83F9A6129A6A3894340
708,SANT JOSEP DE SA TALAIA,TERRENY,59481,ABAQUA / Eivissa 2,38.911989999999996,38.91194,1.3044799999999999,1.3045499999999999,0101000020E610000086C617D26FDFF43F02E02C73BA744340
709,SANT LLUIS,EMISARI LITORAL I REUTILITZACIÓ REG,471333,ABAQUA / Menorca 1,39.806304999999995,39.826007,4.251298,4.264918,0101000020E6100000924112AA460F1140E0EAEB98BAE94340
710,SANTA EUGENIA,LLACUNA EVAPORACIÓ INFILTRACIO + TORRENT,94167,ABAQUA / Mallorca 5,39.629655,39.629881,2.8504799999999997,2.850256,0101000020E61000009CF2890453CD0640B74ECAF09FD04340
711,SANTA EULARIA,EMISARI LITORAL,3128096,ABAQUA / Eivissa 2,38.984269999999995,38.99388,1.5523799999999999,1.546864,0101000020E61000006B414477F4BFF83F2E07B775377F4340
712,SANTA MARGALIDA,TORRENT,304144,ABAQUA / Mallorca 4,39.716769,39.716997,3.10199,3.101686,0101000020E61000004F4ED1BF40D0084063EDC38EC6DB4340
713,SANTA MARIA,TORRENT I REUTILITZACIÓ REG,253351,ABAQUA / Mallorca 5,39.641155999999995,39.641470999999996,2.786867,2.785932,0101000020E6100000C32056B796490640FF76C1B81BD24340
714,SANTA PONCA,EMISARI LITORAL I REUTILITZACIÓ REG,4904738,CALVIÀ 2000,39.5204,39.521707,2.45253,2.511565,0101000020E6100000E5700C64AF1704401C0B814BC7C24340
715,SANTANYI,POUS INFILTRACIO,207642,ABAQUA / Mallorca 1,39.33911,39.339548,3.14582,3.146001,0101000020E6100000BE549192022B0940381C0F4F76AB4340
716,SELVA,TORRENT,160410,ABAQUA / Mallorca 5,39.747799,39.7481,2.9173609999999996,2.9171,0101000020E6100000FBD0598638560740CF3EA3BDC1DF4340
717,SES SALINES,LLACUNA EVAPORACIÓ INFILTRACIO + TORRENT,64557,ABAQUA / Mallorca 1,39.33294,39.33497,3.05919,3.07367,0101000020E6100000D7E00B4CE096084006A3034CE0AA4340
718,SINEU,TORRENT I REUTILITZACIÓ REG,506051,ABAQUA / Mallorca 4,39.648337,39.650000999999996,3.085114,3.0840389999999998,0101000020E61000004F7EA9A31CAC0840FEC2943B33D34340
719,SOLLER,EMISARI LITORAL I REUTILITZACIÓ REG,1253985,ABAQUA / Mallorca 6,39.800019999999996,39.776917999999995,2.68714,2.701143,0101000020E6100000F6986EDCF09B054007EE8A0C72E34340
720,SON BOU,TORRENT I REUTILITZACIÓ REG,75000,PRIVADA,39.90117,39.902288999999996,4.08795,4.087707,0101000020E6100000B6282ADDCF5910402B1DB7347EF34340
721,SON PARC,TERRENY I REUTILITZACIÓ REG,63658,PRIVADA,40.023959999999995,40.030677999999995,4.1626,4.159364,0101000020E6100000F35BF95030A31040234EB541ED034440
722,SON SERRA DE MARINA,POUS INFILTRACIO,59441,ABAQUA / Mallorca 2,39.735,39.72125,3.2097599999999997,3.20714,0101000020E6100000D7D8320439A80940ABAB82EB51DC4340
723,SON SERVERA,EMISARI LITORAL I REUTILITZACIÓ REG,1587980,ABAQUA / Mallorca 2,39.609269,39.61195,3.396268,3.377592,0101000020E6100000A42247F44E050B4008BCA76054CE4340
724,VALLDEMOSSA,TORRENT I REUTILITZACIÓ REG,125801,ABAQUA / Mallorca 6,39.702439999999996,39.702449,2.62789,2.627183,0101000020E6100000D59D598578040540A59D4BD9E9D94340
725,VILAFRANCA DE BONANY,TORRENT I REUTILITZACIÓ REG,221784,ABAQUA / Mallorca 4,39.550509999999996,39.552105,3.11354,3.114449,0101000020E6100000B02DB63C64EA0840CC2D6960ABC64340
726,AEROPORT EIVISSA,TORRENT I REUTILITZACIÓ REG,36250,PRIVADA,38.86821,38.868032,1.35589,1.356009,0101000020E6100000110E5E5536B2F53F154E8FAF1B6F4340
727,APARTAMENTOS PUERTO CALA VEDELLA,TERRENY,14400,PRIVADA,38.91202,38.912124999999996,1.2299799999999999,1.230049,0101000020E61000003CAB825648AEF33F778F9280C0744340
728,URBANITZACIÓ CALA VEDELLA,TERRENY,42000,PRIVADA,38.9114,38.911482,1.2259,1.2257639999999999,0101000020E6100000D1DF89B5BA9CF33F8562066DAB744340
729,SANT MIQUEL,TORRENT,31649,MUNICIPAL,39.05664,39.056689999999996,1.44181,1.441308,0101000020E6100000EB67F159990FF73FC03A179F41874340
730,CALA MORELL,TERRENY,30000,PRIVADA,40.051809999999996,40.051724,3.8824199999999998,3.882333,0101000020E61000009B4498C3040F0F402FD02AE59E064440
731,URB. TORRESOLÍ,TERRENY,81000,PRIVADA,39.91075,39.910066,4.07018,4.065981,0101000020E6100000523F2BA5904310406C8CA90B7DF44340
732,URB SANT JAUME MEDITERRANI,TERRENY I REUTILITZACIÓ REG,78850,PRIVADA,40.90164,39.901859,4.07395,4.074133,0101000020E61000000BB2677CE94B104098C0951F70F34340
733,URB. ES CANUTELLS,POUS INFILTRACIO,63000,PRIVADA,39.85321,39.853057,4.16988,4.169899,0101000020E61000007C639AE2F9AD1040A0AA9FF730ED4340
734,BINIDALÍ,EMISARI LITORAL,0,ABAQUA (no operativa),0,39.84086,0,4.195715,0101000020E61000006BA0479869C810404B09DB4BA1EB4340
735,AEROPORT MENORCA,TERRENY I REUTILITZACIÓ REG,25000,PRIVADA,39.862469999999995,39.862674,4.227329999999999,4.227326,0101000020E6100000CC79903EC8E81040D18CFA1B6CEE4340
736,ADDAIA,EMISARI LITORAL I REUTILITZACIÓ REG,0,ABAQUA / Menorca 1,40.048,40.007956,4.173,4.173094,0101000020E61000009315F17E3FB1104063F82DB004014440
737,CAN PICAFORT (PROJECTE),EMISARI LITORAL I REUTILITZACIÓ REG,0,Municipal/ABAQUA,39.77,39.750645,3.177,3.160332,0101000020E61000009F34CFE45B48094038CC932115E04340
738,VILA (PROJECTE),EMISARI LITORAL I REUTILITZACIÓ REG,0,ABAQUA / Eivissa 1,38.905,38.930437,1.465,1.407572,0101000020E610000051994AE16985F63FFBA7A89018774340
660,CIUTADELLA NORD,POUS INFILTRACIO,320335,ABAQUA / Menorca 2,40.020551999999995,40.01753,3.787194,3.795381,0101000020E6100000ACDDC4B6F05C0E40C5B54A6C3E024440
661,CIUTADELLA SUD,EMISARI LITORAL I REUTILITZACIÓ REG,3386240,ABAQUA / Menorca 2,39.977894,39.968976999999995,3.8296539999999997,3.853331,0101000020E61000004D9200349FD30E40C3F4337007FC4340
662,COLONIA DE SANT JORDI,TERRENY I REUTILITZACIÓ REG,479846,ABAQUA / Mallorca 1,39.317229999999995,39.317436,3.0100499999999997,3.009461,0101000020E6100000EB48F64960130840C5B329BEA1A84340
663,COLONIA SANT PERE,POUS INFILTRACIO,92807,ABAQUA / Mallorca 2,39.73211,39.73202,3.2644699999999998,3.26427,0101000020E61000007953FE96391D0A402FB5D2D4B2DD4340
664,CONSELL,TORRENT I REUTILITZACIÓ REG,214101,ABAQUA / Mallorca 5,39.670367999999996,39.670238,2.824519,2.824715,0101000020E61000007D2A5E2104990640C68DA95BCAD54340
665,COSTITX,LLACUNA EVAPORACIÓ INFILTRACIO + TORRENT,25586,ABAQUA / Mallorca 4,39.667155,39.667097,2.9448969999999997,2.945216,0101000020E61000009040EE67CD8F07401405396F63D54340
411,ALAIOR,TORRENT,403372,ABAQUA / Menorca 1,39.924731,39.926829,4.127130999999999,4.130675,0101000020E610000085B5D1AACF851040F05C2755A2F64340
412,ALARO,TORRENT I REUTILITZACIÓ REG,259066,ABAQUA / Mallorca 5,39.688658,39.68824,2.808131,2.80768,0101000020E6100000DD6B8FEE2076064018F88E3F18D84340
413,ALCUDIA,EMISARI LITORAL I REUTILITZACIÓ REG,4886273,MUNICIPAL,39.83489,39.836672,3.13327,3.1010429999999998,0101000020E6100000E856EFA1EFCE0840DF4A6C1118EB4340
414,ALGAIDA-MONTUIRI,TORRENT I REUTILITZACIÓ REG,255787,ABAQUA / Mallorca 4,39.57336,39.573516999999995,2.9514099999999996,2.950857,0101000020E6100000F9B531EA5A9B07408E64490169C94340
415,ANDRATX,EMISARI LITORAL I REUTILITZACIÓ REG,706134,ABAQUA / Mallorca 6,39.534346,39.565585999999996,2.3764849999999997,2.4065469999999998,0101000020E610000091A8B4B69B4003406AF93C1F65C84340
416,ARTA,TORRENT I REUTILITZACIÓ REG,505567,ABAQUA / Mallorca 2,39.697412,39.698034,3.3585089999999997,3.358886,0101000020E6100000E49D779FFFDE0A40E724962D59D94340
641,BANYALBUFAR,TERRENY,25167,ABAQUA / Mallorca 6,39.690452,39.690259999999995,2.513242,2.51362,0101000020E610000055497FCDE41B0440EEB68C705AD84340
642,BENDINAT,EMISARI LITORAL I REUTILITZACIÓ REG,776225,CALVIÀ 2000,39.5245,39.538121,2.57932,2.5842359999999998,0101000020E6100000F36182EC83AC0440934E1D26E1C44340
643,BINISSALEM,LLACUNA EVAPORACIÓ INFILTRACIO + TERRENY,353398,ABAQUA / Mallorca 5,39.68438,39.682423,2.866789,2.868702,0101000020E6100000F3C6CC081AF3064086B006A359D74340
644,CALA DOR,EMISARI LITORAL,1284753,ABAQUA / Mallorca 1,39.3545,39.372405,3.22781,3.214477,0101000020E610000005F794B73FB70940D03D8DF7AAAF4340
645,CALA EN PORTER,EMISARI LITORAL,100232,ABAQUA / Menorca 1,39.866620999999995,39.883243,4.13097,4.144289,0101000020E6100000F02CE97EC093104042EE481B0EF14340
646,CALA FERRERA,EMISARI LITORAL I REUTILITZACIÓ REG,406008,ABAQUA / Mallorca 1,39.3714,39.391033,3.2446099999999998,3.225791,0101000020E610000082F214836BCE094028D58A5E0DB24340
647,CALA GALDANA,TORRENT,290683,ABAQUA / Menorca 2,39.940165,39.944195,3.961905,3.956542,0101000020E6100000B3CAE97DFFA60F40DB82B961DBF84340
648,CALA LLONGA,TORRENT I REUTILITZACIÓ REG,176891,ABAQUA / Eivissa 2,38.95601,38.956036999999995,1.50928,1.5071029999999999,0101000020E610000031F51509181DF83FAE589F6B5F7A4340
649,CALA SANT VICENT,POUS INFILTRACIO,43471,ABAQUA / Eivissa 2,39.07881,39.078731,1.59087,1.5910119999999999,0101000020E61000008C1FB8FFC874F93F45127EDB138A4340
650,CALA TARIDA,EMISARI LITORAL I REUTILITZACIÓ REG,107323,ABAQUA / Eivissa 1,38.9435,38.94779,1.22143,1.2347299999999999,0101000020E61000006040AB3E74C1F33F521BC42E51794340
651,CALES DE MALLORCA,EMISARI LITORAL,470846,ABAQUA / Mallorca 2,39.465413,39.475377,3.287366,3.269929,0101000020E6100000A8091B89D0280A408A044D27D9BC4340
652,CALES DE MANACOR,POUS INFILTRACIO,519074,ABAQUA / Mallorca 2,39.511559999999996,39.511224999999996,3.302438,3.302718,0101000020E610000017DD256AF76B0A40372D1ED26FC14340
653,CALVIA,TORRENT I REUTILITZACIÓ REG,148665,CALVIÀ 2000,39.5576,39.555831999999995,2.51036,2.509233,0101000020E6100000105145C0E8120440ECC2C08025C74340
654,CAMP DE MAR,EMISARI LITORAL I REUTILITZACIÓ REG,140553,ABAQUA / Mallorca 6,39.535734999999995,39.548237,2.420648,2.42786,0101000020E6100000FD5B23DD416C0340C2D145A12CC64340
655,CAMPANET,TERRENY,228199,ABAQUA / Mallorca 5,39.772982,39.769670999999995,2.987336,2.970615,0101000020E610000073D613CCD1C307407F674D9484E24340
656,CAMPOS,LLACUNA EVAPORACIÓ INFILTRACIO + TERRENY,332526,ABAQUA / Mallorca 1,39.394239999999996,39.394509,3.02752,3.027741,0101000020E61000002643F045D0380840246D58457FB24340
657,CANYAMEL,EMISARI LITORAL I REUTILITZACIÓ REG,198788,ABAQUA / Mallorca 2,39.652969999999996,39.661350999999996,3.45038,3.434722,0101000020E6100000F5B527874F7A0B4080D14826A7D44340
658,CAPDEPERA,EMISARI LITORAL I REUTILITZACIÓ REG,1427679,ABAQUA / Mallorca 2,39.699658,39.708996,3.4671239999999997,3.4481189999999997,0101000020E610000054A2086ABF950B40D8D08261C0DA4340
659,CAS CONCOS,TORRENT,19356,ABAQUA / Mallorca 7,39.425379,39.415875,3.1311229999999997,3.1330839999999998,0101000020E6100000F9702F588E100940501F58643BB54340
