id_infiltracion_epoca_material,cod_masa,epoca,material,infiltracion_lluvia_porcentaje,area_km2
1,1801M1,Juràssic Inferior,Dolomies massives i bretxes,0.3,4.150001
2,1801M1,Juràssic mitjà,Margocalcàries,0,1.565762
3,1801M1,Oligocè,"Conglomerats, calcàries i argiles",0.05,0.687044
4,1801M1,Quaternari,"Llims, argiles i graves. Eolianites a la costa",0.15,0.962067
5,1801M1,Triàsic (Retià),"Dolomies taulejades, margues i carnioles",0.1,0.76978
6,1801M1,Triàsic mitjà-superior (Muschelkalk),Calcàries micrítiques i dolomies laminades,0.1,0.913415
7,1801M2,Cretaci inferior-mitjà,Margues pelàgiques blanques i calcàries,0,1.392167
8,1801M2,Eocè (Bartonià),"Calcàries bioclàstiques, margues i calcàries",0.15,0.005024
9,1801M2,Juràssic Inferior,Dolomies massives i bretxes,0.25,3.258238
10,1801M2,Juràssic mitjà,Margocalcàries,0,0.55697
11,1801M2,Miocè inferior (Burdigalià),"Margues, gresos i conglomerats",0,4.706049
12,1801M2,Oligocè,"Conglomerats, calcàries i argiles",0.05,0.569476
13,1801M2,Oligocè - Miocè inferior,Conglomerats i bretxes amb matriu carbonatada,0.15,0.184756
14,1801M2,Quaternari,"Llims, argiles i graves. Eolianites a la costa",0.1,5.956715
15,1801M2,Triàsic (Keuper),"Argiles, evaporites, margues, carnioles i roques bàsiques",0,1.931872
16,1801M2,Triàsic (Retià),"Dolomies taulejades, margues i carnioles",0.1,2.140769
17,1801M2,Triàsic mitjà-superior (Muschelkalk),Calcàries micrítiques i dolomies laminades,0.1,0.073504
18,1801M3,Cretaci inferior-mitjà,Margues pelàgiques blanques i calcàries,0,2.658641
19,1801M3,Eocè (Bartonià),"Calcàries bioclàstiques, margues i calcàries",0.1,0.406116
20,1801M3,Juràssic Inferior,Dolomies massives i bretxes,0.3,2.186528
21,1801M3,Juràssic mitjà,Margocalcàries,0,0.477159
22,1801M3,Miocè inferior (Burdigalià),"Margues, gresos i conglomerats",0,1.927788
23,1801M3,Oligocè,"Conglomerats, calcàries i argiles",0.05,1.741463
24,1801M3,Oligocè - Miocè inferior,Conglomerats i bretxes amb matriu carbonatada,0.15,0.315927
25,1801M3,Quaternari,"Llims, argiles i graves. Eolianites a la costa",0.15,1.57538
26,1801M3,Triàsic (Keuper),"Argiles, evaporites, margues, carnioles i roques bàsiques",0,0.266904
27,1801M3,Triàsic (Retià),"Dolomies taulejades, margues i carnioles",0.1,0.528171
28,1801M4,Cretaci inferior-mitjà,Margues pelàgiques blanques i calcàries,0,0.984029
29,1801M4,Juràssic Inferior,Dolomies massives i bretxes,0,0.933584
30,1801M4,Juràssic mitjà,Margocalcàries,0.15,0.577436
31,1801M4,Miocè inferior (Burdigalià),"Margues, gresos i conglomerats",0.1,2.791136
32,1801M4,Oligocè,"Conglomerats, calcàries i argiles",0.3,8.117942
33,1801M4,Oligocè - Miocè inferior,Conglomerats i bretxes amb matriu carbonatada,0.15,0.004106
34,1801M4,Quaternari,"Llims, argiles i graves. Eolianites a la costa",0.05,0.093305
35,1801M4,Triàsic (Keuper),"Argiles, evaporites, margues, carnioles i roques bàsiques",0,0.146515
36,1801M4,Triàsic (Retià),"Dolomies taulejades, margues i carnioles",0,0.605153
37,1802M1,Juràssic Inferior,Dolomies massives i bretxes,0,1.2884
38,1802M1,Juràssic mitjà,Margocalcàries,0,0.54943
39,1802M1,Miocè inferior (Burdigalià),"Margues, gresos i conglomerats",0.1,2.355592
40,1802M1,Oligocè - Miocè inferior,Conglomerats i bretxes amb matriu carbonatada,0.3,7.580508
41,1802M1,Quaternari,"Llims, argiles i graves. Eolianites a la costa",0.15,0.19722
42,1802M1,Triàsic (Keuper),"Argiles, evaporites, margues, carnioles i roques bàsiques",0.15,0.971931
43,1802M1,Triàsic (Retià),"Dolomies taulejades, margues i carnioles",0,0.018406
44,1802M2,Juràssic Inferior,Dolomies massives i bretxes,0.15,1.134555
45,1802M2,Miocè inferior (Burdigalià),"Margues, gresos i conglomerats",0.1,5.209241
46,1802M2,Oligocè - Miocè inferior,Conglomerats i bretxes amb matriu carbonatada,0,4.379423
47,1802M2,Quaternari,"Llims, argiles i graves. Eolianites a la costa",0.05,2.889165
48,1802M2,Triàsic (Keuper),"Argiles, evaporites, margues, carnioles i roques bàsiques",0.15,5.997583
49,1802M2,Triàsic (Retià),"Dolomies taulejades, margues i carnioles",0,0.986331
50,1802M2,Triàsic inferior - mitjà (Buntsandstein),Gresos i lutites vermelles,0.1,5.443916
51,1802M2,Triàsic mitjà-superior (Muschelkalk),Calcàries micrítiques i dolomies laminades,0.3,13.353426
52,1802M3,Juràssic Inferior,Dolomies massives i bretxes,0.15,2.395748
53,1802M3,Miocè inferior (Burdigalià),"Margues, gresos i conglomerats",0.1,1.252749
54,1802M3,Oligocè - Miocè inferior,Conglomerats i bretxes amb matriu carbonatada,0,0.129231
55,1802M3,Quaternari,"Llims, argiles i graves. Eolianites a la costa",0.1,6.682145
56,1802M3,Triàsic (Keuper),"Argiles, evaporites, margues, carnioles i roques bàsiques",0.15,2.97867
57,1802M3,Triàsic (Retià),"Dolomies taulejades, margues i carnioles",0,2.094157
58,1802M3,Triàsic mitjà-superior (Muschelkalk),Calcàries micrítiques i dolomies laminades,0.3,19.124986
59,1803M3,Juràssic Inferior,Dolomies massives i bretxes,0,0.305669
60,1803M3,Juràssic mitjà,Margocalcàries,0.15,2.495822
61,1803M3,Juràssic mitjà-superior (Dogger-Malm),Margues amb intercalacions de calcàries detrítiques i oolítiques,0,4.568782
62,1803M3,Miocè inferior (Burdigalià),"Margues, gresos i conglomerats",0.1,9.88364
63,1803M3,Oligocè - Miocè inferior,Conglomerats i bretxes amb matriu carbonatada,0.3,61.27721
64,1803M3,Quaternari,"Llims, argiles i graves. Eolianites a la costa",0,3.182416
65,1803M3,Triàsic (Keuper),"Argiles, evaporites, margues, carnioles i roques bàsiques",0.15,2.306228
66,1803M3,Triàsic (Retià),"Dolomies taulejades, margues i carnioles",0,0.144538
67,1804M1,Juràssic Inferior,Dolomies massives i bretxes,0,0.598882
68,1804M1,Miocè inferior (Burdigalià),"Margues, gresos i conglomerats",0.1,5.736851
69,1804M1,Oligocè - Miocè inferior,Conglomerats i bretxes amb matriu carbonatada,0.3,20.106289
70,1804M1,Quaternari,"Llims, argiles i graves. Eolianites a la costa",0,2.713073
71,1804M1,Triàsic (Keuper),"Argiles, evaporites, margues, carnioles i roques bàsiques",0.15,4.930662
72,1804M1,Triàsic (Retià),"Dolomies taulejades, margues i carnioles",0.15,0.846626
73,1804M2,Juràssic Inferior,Dolomies massives i bretxes,0.3,21.030204
74,1804M2,Miocè inferior (Burdigalià),"Margues, gresos i conglomerats",0.1,5.489241
75,1804M2,Oligocè - Miocè inferior,Conglomerats i bretxes amb matriu carbonatada,0.15,12.888668
76,1804M2,Quaternari,"Llims, argiles i graves. Eolianites a la costa",0.15,0.861969
77,1804M2,Triàsic (Retià),"Dolomies taulejades, margues i carnioles",0,2.638803
78,1804M3,Cretaci inferior-mitjà,Margues pelàgiques blanques i calcàries,0.15,0.212984
79,1804M3,Juràssic Inferior,Dolomies massives i bretxes,0.15,22.798245
80,1804M3,Juràssic mitjà,Margocalcàries,0,0.749215
81,1804M3,Juràssic mitjà-superior (Dogger-Malm),Margues amb intercalacions de calcàries detrítiques i oolítiques,0,6.247802
82,1804M3,Juràssic mitjà-superior - Cretaci,Margues i margocalcàries,0,3.672505
83,1804M3,Juràssic superior,Margues,0,4.638869
84,1804M3,Miocè inferior (Burdigalià),"Margues, gresos i conglomerats",0.1,1.218211
85,1804M3,Oligocè - Miocè inferior,Conglomerats i bretxes amb matriu carbonatada,0,0.624737
86,1804M3,Quaternari,"Llims, argiles i graves. Eolianites a la costa",0,3.338357
87,1804M3,Triàsic (Retià),"Dolomies taulejades, margues i carnioles",0.3,3.400575
88,1805M1,Juràssic Inferior,Dolomies massives i bretxes,0,0.01189
89,1805M1,Juràssic mitjà-superior (Dogger-Malm),Margues amb intercalacions de calcàries detrítiques i oolítiques,0.15,0.591104
90,1805M1,Juràssic mitjà-superior - Cretaci,Margues i margocalcàries,0,0.695984
91,1805M1,Miocè inferior (Burdigalià),"Margues, gresos i conglomerats",0.1,5.232657
92,1805M1,Oligocè - Miocè inferior,Conglomerats i bretxes amb matriu carbonatada,0.3,24.619921
93,1805M1,Quaternari,"Llims, argiles i graves. Eolianites a la costa",0,4.862653
94,1805M1,Triàsic (Keuper),"Argiles, evaporites, margues, carnioles i roques bàsiques",0.15,7.158464
95,1805M1,Triàsic (Retià),"Dolomies taulejades, margues i carnioles",0,0.184571
96,1805M2,Juràssic Inferior,Dolomies massives i bretxes,0,0.030196
97,1805M2,Juràssic mitjà,Margocalcàries,0.15,0.09147
98,1805M2,Juràssic mitjà-superior - Cretaci,Margues i margocalcàries,0,0.048408
99,1805M2,Miocè inferior (Burdigalià),"Margues, gresos i conglomerats",0.1,1.616591
100,1805M2,Oligocè - Miocè inferior,Conglomerats i bretxes amb matriu carbonatada,0.3,7.036752
101,1805M2,Quaternari,"Llims, argiles i graves. Eolianites a la costa",0,0.627848
102,1805M2,Triàsic (Keuper),"Argiles, evaporites, margues, carnioles i roques bàsiques",0.15,4.638217
103,1805M2,Triàsic (Retià),"Dolomies taulejades, margues i carnioles",0,8.188856
104,1805M3,Juràssic Inferior,Dolomies massives i bretxes,0.3,2.501931
105,1805M3,Juràssic mitjà-superior - Cretaci,Margues i margocalcàries,0.15,0.303589
106,1805M3,Miocè inferior (Burdigalià),"Margues, gresos i conglomerats",0.1,4.116177
107,1805M3,Oligocè - Miocè inferior,Conglomerats i bretxes amb matriu carbonatada,0.15,0.276336
108,1805M3,Quaternari,"Llims, argiles i graves. Eolianites a la costa",0,0.915008
109,1805M3,Triàsic (Retià),"Dolomies taulejades, margues i carnioles",0,0.009239
110,1806M1,Juràssic Inferior,Dolomies massives i bretxes,0,3.166094
111,1806M1,Juràssic mitjà,Margocalcàries,0.05,0.40594
112,1806M1,Juràssic mitjà-superior (Dogger-Malm),Margues amb intercalacions de calcàries detrítiques i oolítiques,0,0.585671
113,1806M1,Juràssic mitjà-superior - Cretaci,Margues i margocalcàries,0.1,5.996668
114,1806M1,Juràssic superior,Margues,0.15,0.487596
115,1806M1,Miocè inferior (Burdigalià),"Margues, gresos i conglomerats",0.1,0.814067
116,1806M1,Oligocè,"Conglomerats, calcàries i argiles",0,0.000868
117,1806M1,Oligocè - Miocè inferior,Conglomerats i bretxes amb matriu carbonatada,0,1.478147
118,1806M1,Quaternari,"Llims, argiles i graves. Eolianites a la costa",0,0.131289
119,1806M1,Triàsic (Keuper),"Argiles, evaporites, margues, carnioles i roques bàsiques",0.15,1.735449
120,1806M1,Triàsic (Retià),"Dolomies taulejades, margues i carnioles",0,1.41927
121,1806M1,Triàsic mitjà-superior (Muschelkalk),Calcàries micrítiques i dolomies laminades,0.3,32.219372
122,1806M2,Juràssic Inferior,Dolomies massives i bretxes,0,0.205568
123,1806M2,Miocè inferior (Burdigalià),"Margues, gresos i conglomerats",0.1,4.992319
124,1806M2,Oligocè - Miocè inferior,Conglomerats i bretxes amb matriu carbonatada,0.35,17.407163
125,1806M2,Quaternari,"Llims, argiles i graves. Eolianites a la costa",0,3.225551
126,1806M2,Triàsic (Keuper),"Argiles, evaporites, margues, carnioles i roques bàsiques",0.15,1.206147
127,1806M2,Triàsic (Retià),"Dolomies taulejades, margues i carnioles",0.15,1.089393
128,1806M3,Juràssic Inferior,Dolomies massives i bretxes,0,2.580172
129,1806M3,Oligocè - Miocè inferior,Conglomerats i bretxes amb matriu carbonatada,0.15,0.274256
130,1806M3,Quaternari,"Llims, argiles i graves. Eolianites a la costa",0.1,0.084567
131,1806M3,Triàsic (Keuper),"Argiles, evaporites, margues, carnioles i roques bàsiques",0.15,1.306286
132,1806M3,Triàsic (Retià),"Dolomies taulejades, margues i carnioles",0.1,1.407248
133,1806M3,Triàsic mitjà-superior (Muschelkalk),Calcàries micrítiques i dolomies laminades,0.3,11.031395
134,1806M4,Juràssic Inferior,Dolomies massives i bretxes,0,0.944695
135,1806M4,Oligocè - Miocè inferior,Conglomerats i bretxes amb matriu carbonatada,0.15,0.003274
136,1806M4,Quaternari,"Llims, argiles i graves. Eolianites a la costa",0.1,0.318563
137,1806M4,Triàsic (Keuper),"Argiles, evaporites, margues, carnioles i roques bàsiques",0.15,11.913968
138,1806M4,Triàsic (Retià),"Dolomies taulejades, margues i carnioles",0.1,0.015207
139,1806M4,Triàsic mitjà-superior (Muschelkalk),Calcàries micrítiques i dolomies laminades,0.3,0.009503
140,1807M1,Juràssic Inferior,Dolomies massives i bretxes,0,0.506116
141,1807M1,Juràssic mitjà,Margocalcàries,0,0.879698
142,1807M1,Juràssic mitjà-superior (Dogger-Malm),Margues amb intercalacions de calcàries detrítiques i oolítiques,0.1,15.152987
143,1807M1,Miocè inferior (Burdigalià),"Margues, gresos i conglomerats",0.1,6.956344
144,1807M1,Oligocè,"Conglomerats, calcàries i argiles",0,3.92314
145,1807M1,Oligocè - Miocè inferior,Conglomerats i bretxes amb matriu carbonatada,0,0.150181
146,1807M1,Quaternari,"Llims, argiles i graves. Eolianites a la costa",0.15,0.459276
147,1807M1,Triàsic (Keuper),"Argiles, evaporites, margues, carnioles i roques bàsiques",0.15,13.505941
148,1807M1,Triàsic (Retià),"Dolomies taulejades, margues i carnioles",0.05,2.003634
149,1807M1,Triàsic mitjà-superior (Muschelkalk),Calcàries micrítiques i dolomies laminades,0.3,27.750506
150,1807M2,Juràssic Inferior,Dolomies massives i bretxes,0.05,0.002103
151,1807M2,Juràssic mitjà-superior (Dogger-Malm),Margues amb intercalacions de calcàries detrítiques i oolítiques,0.1,7.605606
152,1807M2,Miocè inferior (Burdigalià),"Margues, gresos i conglomerats",0.1,2.706863
153,1807M2,Oligocè,"Conglomerats, calcàries i argiles",0,9.565881
154,1807M2,Oligocè - Miocè inferior,Conglomerats i bretxes amb matriu carbonatada,0,0.230986
155,1807M2,Quaternari,"Llims, argiles i graves. Eolianites a la costa",0,1.059131
156,1807M2,Triàsic (Keuper),"Argiles, evaporites, margues, carnioles i roques bàsiques",0.15,2.514276
157,1807M2,Triàsic (Retià),"Dolomies taulejades, margues i carnioles",0.15,1.908063
158,1807M2,Triàsic mitjà-superior (Muschelkalk),Calcàries micrítiques i dolomies laminades,0.3,10.994046
159,1808M1,Cretaci inferior-mitjà,Margues pelàgiques blanques i calcàries,0.1,1.601871
160,1808M1,Juràssic Inferior,Dolomies massives i bretxes,0,0.01247
161,1808M1,Juràssic mitjà,Margocalcàries,0.05,0.029471
162,1808M1,Juràssic mitjà-superior (Dogger-Malm),Margues amb intercalacions de calcàries detrítiques i oolítiques,0,1.162669
163,1808M1,Juràssic mitjà-superior - Cretaci,Margues i margocalcàries,0.1,5.276484
164,1808M1,Oligocè,"Conglomerats, calcàries i argiles",0.3,26.866819
165,1808M1,Quaternari,"Llims, argiles i graves. Eolianites a la costa",0,2.328053
166,1808M1,Triàsic (Keuper),"Argiles, evaporites, margues, carnioles i roques bàsiques",0,0.000389
167,1808M1,Triàsic (Retià),"Dolomies taulejades, margues i carnioles",0,0.055479
168,1808M1,Triàsic mitjà-superior (Muschelkalk),Calcàries micrítiques i dolomies laminades,0.15,10.446111
169,1808M2,Juràssic Inferior,Dolomies massives i bretxes,0,0.031636
170,1808M2,Juràssic mitjà,Margocalcàries,0.05,0.904971
171,1808M2,Juràssic mitjà-superior (Dogger-Malm),Margues amb intercalacions de calcàries detrítiques i oolítiques,0,0.369549
172,1808M2,Juràssic mitjà-superior - Cretaci,Margues i margocalcàries,0.1,4.463524
173,1808M2,Oligocè,"Conglomerats, calcàries i argiles",0.3,16.57932
174,1808M2,Quaternari,"Llims, argiles i graves. Eolianites a la costa",0,2.584201
175,1808M2,Triàsic (Keuper),"Argiles, evaporites, margues, carnioles i roques bàsiques",0.15,0.534191
176,1808M2,Triàsic (Retià),"Dolomies taulejades, margues i carnioles",0,4.238457
177,1809M1,Cretaci inferior-mitjà,Margues pelàgiques blanques i calcàries,0.15,0.602705
178,1809M1,Eocè (Bartonià),"Calcàries bioclàstiques, margues i calcàries",0,2.971201
179,1809M1,Juràssic Inferior,Dolomies massives i bretxes,0.1,1.855669
180,1809M1,Juràssic mitjà,Margocalcàries,0,2.87974
181,1809M1,Juràssic mitjà-superior (Dogger-Malm),Margues amb intercalacions de calcàries detrítiques i oolítiques,0.05,7.932227
182,1809M1,Juràssic mitjà-superior - Cretaci,Margues i margocalcàries,0.1,0.296731
183,1809M1,Juràssic superior,Margues,0,0.066174
184,1809M1,Oligocè,"Conglomerats, calcàries i argiles",0.15,8.622926
185,1809M1,Quaternari,"Llims, argiles i graves. Eolianites a la costa",0,4.010456
186,1809M1,Triàsic (Retià),"Dolomies taulejades, margues i carnioles",0.2,5.40776
187,1809M1,Triàsic superior - Juràssic inferior,Dolomies triturades amb calcàries a sostre,0,0.170668
188,1809M2,Cretaci inferior-mitjà,Margues pelàgiques blanques i calcàries,0.15,0.01551
189,1809M2,Eocè (Bartonià),"Calcàries bioclàstiques, margues i calcàries",0,0.602846
190,1809M2,Juràssic Inferior,Dolomies massives i bretxes,0.15,2.56297
191,1809M2,Juràssic mitjà-superior (Dogger-Malm),Margues amb intercalacions de calcàries detrítiques i oolítiques,0.05,9.803983
192,1809M2,Juràssic mitjà-superior - Cretaci,Margues i margocalcàries,0.1,4.683443
193,1809M2,Oligocè,"Conglomerats, calcàries i argiles",0.15,14.793641
194,1809M2,Quaternari,"Llims, argiles i graves. Eolianites a la costa",0,1.93556
195,1809M2,Triàsic (Retià),"Dolomies taulejades, margues i carnioles",0.3,5.795539
196,1809M2,Triàsic superior - Juràssic inferior,Dolomies triturades amb calcàries a sostre,0,4.62667
197,1810M1,Cretaci inferior-mitjà,Margues pelàgiques blanques i calcàries,0.1,11.130875
198,1810M1,Juràssic Inferior,Dolomies massives i bretxes,0.4,27.610195
199,1810M1,Juràssic mitjà,Margocalcàries,0,0.932955
200,1810M1,Juràssic mitjà-superior (Dogger-Malm),Margues amb intercalacions de calcàries detrítiques i oolítiques,0.05,1.500529
201,1810M1,Juràssic mitjà-superior - Cretaci,Margues i margocalcàries,0,0.260819
202,1810M1,Oligocè,"Conglomerats, calcàries i argiles",0.18,3.911831
203,1810M1,Pliocè inferior,Margues grises amb Ammussium,0,0.02464
204,1810M1,Quaternari,"Llims, argiles i graves. Eolianites a la costa",0,4.927212
205,1810M1,Triàsic (Keuper),"Argiles, evaporites, margues, carnioles i roques bàsiques",0,1.132278
206,1810M1,Triàsic (Retià),"Dolomies taulejades, margues i carnioles",0,0.499608
207,1811M1,Cretaci inferior-mitjà,Margues pelàgiques blanques i calcàries,0,2.633703
208,1811M1,Eocè (Bartonià),"Calcàries bioclàstiques, margues i calcàries",0,0.030845
209,1811M1,Juràssic Inferior,Dolomies massives i bretxes,0,0.215856
210,1811M1,Juràssic mitjà,Margocalcàries,0.3,0.408249
211,1811M1,Juràssic superior,Margues,0.05,0.087281
212,1811M1,Miocè inferior (Burdigalià),"Margues, gresos i conglomerats",0.1,0.912905
213,1811M1,Miocè superior,Conglomerats i llims vermells amb graves,0.35,5.405423
214,1811M1,Miocè superior (Tortonià-Messinià),"Calcàries oolítiques, estromatolítiques i arrecifals, i calcarenites",0.18,111.110879
215,1811M1,Oligocè,"Conglomerats, calcàries i argiles",0,2.687912
216,1811M1,Oligocè - Miocè inferior,Conglomerats i bretxes amb matriu carbonatada,0.15,0.111273
217,1811M1,Pliocè inferior,Margues grises amb Ammussium,0.15,0.014042
218,1811M1,Quaternari,"Llims, argiles i graves. Eolianites a la costa",0.15,6.425498
219,1811M1,Triàsic (Retià),"Dolomies taulejades, margues i carnioles",0,0.378505
220,1811M2,Juràssic Inferior,Dolomies massives i bretxes,0,0.509996
221,1811M2,Miocè inferior (Burdigalià),"Margues, gresos i conglomerats",0.15,0.004673
222,1811M2,Miocè mitjà (Serravalià),Llims i margues grises,0,0.002487
223,1811M2,Miocè superior (Tortonià-Messinià),"Calcàries oolítiques, estromatolítiques i arrecifals, i calcarenites",0.3,5.1e-05
224,1811M2,Oligocè,"Conglomerats, calcàries i argiles",0,0.026596
225,1811M2,Pliocè superior,Calcarenites biclàstiques groguenques,0.15,5.550846
226,1811M2,Quaternari,"Llims, argiles i graves. Eolianites a la costa",0.25,10.416827
227,1811M2,Triàsic superior - Juràssic inferior,Dolomies triturades amb calcàries a sostre,0.3,77.723271
228,1811M3,Cretaci inferior-mitjà,Margues pelàgiques blanques i calcàries,0.1,0.816017
229,1811M3,Eocè (Bartonià),"Calcàries bioclàstiques, margues i calcàries",0.18,87.036012
230,1811M3,Juràssic Inferior,Dolomies massives i bretxes,0.22,1.784685
231,1811M3,Miocè superior (Tortonià-Messinià),"Calcàries oolítiques, estromatolítiques i arrecifals, i calcarenites",0.15,0.062372
232,1811M3,Oligocè,"Conglomerats, calcàries i argiles",0.3,1.236929
233,1811M3,Pliocè superior,Calcarenites biclàstiques groguenques,0,0.00627
234,1811M3,Quaternari,"Llims, argiles i graves. Eolianites a la costa",0.3,1.896748
235,1811M3,Triàsic (Retià),"Dolomies taulejades, margues i carnioles",0.05,4.885798
236,1811M4,Juràssic Inferior,Dolomies massives i bretxes,0.15,0.712997
237,1811M4,Juràssic mitjà-superior (Dogger-Malm),Margues amb intercalacions de calcàries detrítiques i oolítiques,0,0.145536
238,1811M4,Juràssic mitjà-superior - Cretaci,Margues i margocalcàries,0.1,2.948183
239,1811M4,Quaternari,"Llims, argiles i graves. Eolianites a la costa",0,0.027319
240,1811M4,Triàsic (Retià),"Dolomies taulejades, margues i carnioles",0.3,5.277979
241,1811M5,Juràssic Inferior,Dolomies massives i bretxes,0,0.322187
242,1811M5,Juràssic mitjà-superior (Dogger-Malm),Margues amb intercalacions de calcàries detrítiques i oolítiques,0,0.071315
243,1811M5,Miocè inferior (Burdigalià),"Margues, gresos i conglomerats",0.1,2.51503
244,1811M5,Oligocè - Miocè inferior,Conglomerats i bretxes amb matriu carbonatada,0.3,4.843615
245,1811M5,Quaternari,"Llims, argiles i graves. Eolianites a la costa",0.15,0.084522
246,1811M5,Triàsic (Keuper),"Argiles, evaporites, margues, carnioles i roques bàsiques",0.15,1.12212
247,1811M5,Triàsic (Retià),"Dolomies taulejades, margues i carnioles",0,0.169563
248,1812M1,Cretaci inferior-mitjà,Margues pelàgiques blanques i calcàries,0.1,2.916411
249,1812M1,Juràssic Inferior,Dolomies massives i bretxes,0,1.950495
250,1812M1,Juràssic mitjà,Margocalcàries,0.15,0.34371
251,1812M1,Juràssic mitjà-superior (Dogger-Malm),Margues amb intercalacions de calcàries detrítiques i oolítiques,0,0.198668
252,1812M1,Miocè inferior (Burdigalià),"Margues, gresos i conglomerats",0.05,7.085274
253,1812M1,Oligocè - Miocè inferior,Conglomerats i bretxes amb matriu carbonatada,0.2,16.428268
254,1812M1,Quaternari,"Llims, argiles i graves. Eolianites a la costa",0,0.475877
255,1812M1,Triàsic (Keuper),"Argiles, evaporites, margues, carnioles i roques bàsiques",0,0.10293
256,1812M1,Triàsic (Retià),"Dolomies taulejades, margues i carnioles",0,1.382458
257,1812M1,Triàsic mitjà-superior (Muschelkalk),Calcàries micrítiques i dolomies laminades,0.15,0.917799
258,1812M2,Cretaci inferior-mitjà,Margues pelàgiques blanques i calcàries,0.05,2.628012
259,1812M2,Eocè (Bartonià),"Calcàries bioclàstiques, margues i calcàries",0.1,3.550468
260,1812M2,Juràssic Inferior,Dolomies massives i bretxes,0,7.158919
261,1812M2,Juràssic mitjà,Margocalcàries,0.15,0.013961
262,1812M2,Juràssic mitjà-superior (Dogger-Malm),Margues amb intercalacions de calcàries detrítiques i oolítiques,0,0.00385
263,1812M2,Miocè inferior (Burdigalià),"Margues, gresos i conglomerats",0.1,0.003262
264,1812M2,Oligocè,"Conglomerats, calcàries i argiles",0,7.162395
265,1812M2,Oligocè - Miocè inferior,Conglomerats i bretxes amb matriu carbonatada,0.25,24.392312
266,1812M2,Quaternari,"Llims, argiles i graves. Eolianites a la costa",0.05,6.236174
267,1812M2,Triàsic (Keuper),"Argiles, evaporites, margues, carnioles i roques bàsiques",0,4.962005
268,1812M2,Triàsic (Retià),"Dolomies taulejades, margues i carnioles",0,0.029579
269,1812M2,Triàsic mitjà-superior (Muschelkalk),Calcàries micrítiques i dolomies laminades,0.15,0.02236
270,1812M3,Cretaci inferior-mitjà,Margues pelàgiques blanques i calcàries,0.22,3.135625
271,1812M3,Eocè (Bartonià),"Calcàries bioclàstiques, margues i calcàries",0,0.019916
272,1812M3,Juràssic Inferior,Dolomies massives i bretxes,0.3,0.706285
273,1812M3,Juràssic mitjà,Margocalcàries,0,2.388453
274,1812M3,Juràssic mitjà-superior (Dogger-Malm),Margues amb intercalacions de calcàries detrítiques i oolítiques,0,0.781437
275,1812M3,Miocè inferior (Burdigalià),"Margues, gresos i conglomerats",0.05,15.843788
276,1812M3,Miocè superior (Tortonià-Messinià),"Calcàries oolítiques, estromatolítiques i arrecifals, i calcarenites",0.15,23.924393
277,1812M3,Oligocè,"Conglomerats, calcàries i argiles",0.15,0.307754
278,1812M3,Quaternari,"Llims, argiles i graves. Eolianites a la costa",0,1.33321
279,1813M1,Cretaci inferior-mitjà,Margues pelàgiques blanques i calcàries,0.1,1.59774
280,1813M1,Juràssic Inferior,Dolomies massives i bretxes,0.15,3.850866
281,1813M1,Juràssic mitjà-superior (Dogger-Malm),Margues amb intercalacions de calcàries detrítiques i oolítiques,0.1,1.368979
282,1813M1,Oligocè,"Conglomerats, calcàries i argiles",0,0.260516
283,1813M1,Quaternari,"Llims, argiles i graves. Eolianites a la costa",0,2.898254
284,1813M1,Triàsic (Retià),"Dolomies taulejades, margues i carnioles",0.35,8.923632
285,1813M2,Juràssic Inferior,Dolomies massives i bretxes,0,7.308244
286,1813M2,Juràssic mitjà-superior (Dogger-Malm),Margues amb intercalacions de calcàries detrítiques i oolítiques,0.1,3.943807
287,1813M2,Miocè superior (Tortonià-Messinià),"Calcàries oolítiques, estromatolítiques i arrecifals, i calcarenites",0.15,7.908659
288,1813M2,Oligocè,"Conglomerats, calcàries i argiles",0.3,23.10568
289,1813M2,Quaternari,"Llims, argiles i graves. Eolianites a la costa",0.05,0.093288
290,1813M2,Triàsic (Retià),"Dolomies taulejades, margues i carnioles",0.22,0.746202
291,1814M1,Miocè mitjà (Serravalià),Llims i margues grises,0.05,0.012207
292,1814M1,Miocè superior (Tortonià-Messinià),"Calcàries oolítiques, estromatolítiques i arrecifals, i calcarenites",0,3.687804
293,1814M1,Oligocè,"Conglomerats, calcàries i argiles",0.18,52.57818
294,1814M1,Pliocè superior,Calcarenites biclàstiques groguenques,0.15,43.78417
295,1814M1,Quaternari,"Llims, argiles i graves. Eolianites a la costa",0.18,21.783592
296,1814M2,Miocè superior (Tortonià-Messinià),"Calcàries oolítiques, estromatolítiques i arrecifals, i calcarenites",0.22,0.030692
297,1814M2,Pliocè superior,Calcarenites biclàstiques groguenques,0.15,66.271084
298,1814M2,Quaternari,"Llims, argiles i graves. Eolianites a la costa",0.3,2.274369
299,1814M3,Cretaci inferior-mitjà,Margues pelàgiques blanques i calcàries,0,0.629118
300,1814M3,Eocè (Bartonià),"Calcàries bioclàstiques, margues i calcàries",0.15,60.754814
301,1814M3,Juràssic mitjà-superior (Dogger-Malm),Margues amb intercalacions de calcàries detrítiques i oolítiques,0.22,10.770411
302,1814M3,Miocè inferior (Burdigalià),"Margues, gresos i conglomerats",0.3,33.187129
303,1814M3,Miocè superior (Tortonià-Messinià),"Calcàries oolítiques, estromatolítiques i arrecifals, i calcarenites",0.15,0.049971
304,1814M3,Oligocè,"Conglomerats, calcàries i argiles",0,0.378814
305,1814M3,Pliocè inferior,Margues grises amb Ammussium,0.05,0.015144
306,1814M3,Pliocè superior,Calcarenites biclàstiques groguenques,0,0.010844
307,1814M3,Quaternari,"Llims, argiles i graves. Eolianites a la costa",0,0.002069
308,1814M4,Cretaci inferior-mitjà,Margues pelàgiques blanques i calcàries,0.2,2.180801
309,1814M4,Juràssic Inferior,Dolomies massives i bretxes,0,0.525033
310,1814M4,Juràssic mitjà-superior (Dogger-Malm),Margues amb intercalacions de calcàries detrítiques i oolítiques,0.15,0.583656
311,1814M4,Miocè inferior (Burdigalià),"Margues, gresos i conglomerats",0.1,0.023207
312,1814M4,Miocè mitjà (Serravalià),Llims i margues grises,0,0.086414
313,1814M4,Oligocè,"Conglomerats, calcàries i argiles",0.3,0.160126
314,1814M4,Oligocè - Miocè inferior,Conglomerats i bretxes amb matriu carbonatada,0.15,53.037756
315,1814M4,Pliocè superior,Calcarenites biclàstiques groguenques,0,1.11154
316,1814M4,Quaternari,"Llims, argiles i graves. Eolianites a la costa",0.05,6.027693
317,1814M4,Triàsic (Retià),"Dolomies taulejades, margues i carnioles",0,3.201707
318,1815M1,Eocè (Bartonià),"Calcàries bioclàstiques, margues i calcàries",0.15,17.178875
319,1815M1,Juràssic mitjà-superior (Dogger-Malm),Margues amb intercalacions de calcàries detrítiques i oolítiques,0.15,1.089729
320,1815M1,Miocè inferior (Burdigalià),"Margues, gresos i conglomerats",0.15,4.507829
321,1815M1,Miocè superior (Tortonià-Messinià),"Calcàries oolítiques, estromatolítiques i arrecifals, i calcarenites",0.15,1.496534
322,1815M1,Oligocè,"Conglomerats, calcàries i argiles",0,6.410685
323,1815M1,Oligocè - Miocè inferior,Conglomerats i bretxes amb matriu carbonatada,0,8.680682
324,1815M1,Quaternari,"Llims, argiles i graves. Eolianites a la costa",0.05,8.996683
325,1815M1,Triàsic superior - Juràssic inferior,Dolomies triturades amb calcàries a sostre,0.22,2.2846
326,1815M2,Cretaci inferior-mitjà,Margues pelàgiques blanques i calcàries,0.15,3.178196
327,1815M2,Eocè (Bartonià),"Calcàries bioclàstiques, margues i calcàries",0.15,13.495033
328,1815M2,Juràssic mitjà-superior (Dogger-Malm),Margues amb intercalacions de calcàries detrítiques i oolítiques,0.05,0.004443
329,1815M2,Miocè inferior (Burdigalià),"Margues, gresos i conglomerats",0.15,1.788698
330,1815M2,Miocè mitjà (Langhiense),Calcarenites bioclàstiques,0,5.304842
331,1815M2,Miocè mitjà (Serravalià),Llims i margues grises,0,16.879798
332,1815M2,Miocè superior (Tortonià-Messinià),"Calcàries oolítiques, estromatolítiques i arrecifals, i calcarenites",0.15,6.068639
333,1815M2,Oligocè,"Conglomerats, calcàries i argiles",0,27.790363
334,1815M2,Oligocè - Miocè inferior,Conglomerats i bretxes amb matriu carbonatada,0,4.597022
335,1815M2,Quaternari,"Llims, argiles i graves. Eolianites a la costa",0.22,0.19898
336,1815M2,Triàsic superior - Juràssic inferior,Dolomies triturades amb calcàries a sostre,0.2,3.773537
337,1815M3,Cretaci inferior-mitjà,Margues pelàgiques blanques i calcàries,0.15,1.359206
338,1815M3,Eocè (Bartonià),"Calcàries bioclàstiques, margues i calcàries",0.15,5.656564
339,1815M3,Juràssic mitjà-superior (Dogger-Malm),Margues amb intercalacions de calcàries detrítiques i oolítiques,0.05,19.245168
340,1815M3,Miocè inferior (Burdigalià),"Margues, gresos i conglomerats",0.15,2.092574
341,1815M3,Miocè mitjà (Langhiense),Calcarenites bioclàstiques,0,0.373522
342,1815M3,Miocè mitjà (Serravalià),Llims i margues grises,0,1.029242
343,1815M3,Miocè superior (Tortonià-Messinià),"Calcàries oolítiques, estromatolítiques i arrecifals, i calcarenites",0.15,2.884335
344,1815M3,Oligocè,"Conglomerats, calcàries i argiles",0,5.563105
345,1815M3,Oligocè - Miocè inferior,Conglomerats i bretxes amb matriu carbonatada,0,1.955288
346,1815M3,Quaternari,"Llims, argiles i graves. Eolianites a la costa",0.22,2.666881
347,1815M3,Triàsic superior - Juràssic inferior,Dolomies triturades amb calcàries a sostre,0.2,3.059695
348,1815M4,Cretaci inferior-mitjà,Margues pelàgiques blanques i calcàries,0.15,3.454273
349,1815M4,Eocè (Bartonià),"Calcàries bioclàstiques, margues i calcàries",0,1.778458
350,1815M4,Juràssic mitjà-superior (Dogger-Malm),Margues amb intercalacions de calcàries detrítiques i oolítiques,0.05,12.909056
351,1815M4,Miocè inferior (Burdigalià),"Margues, gresos i conglomerats",0.15,1.905227
352,1815M4,Miocè mitjà (Serravalià),Llims i margues grises,0,28.960541
353,1815M4,Miocè superior (Tortonià-Messinià),"Calcàries oolítiques, estromatolítiques i arrecifals, i calcarenites",0.18,21.446605
354,1815M4,Oligocè,"Conglomerats, calcàries i argiles",0,19.991589
355,1815M4,Oligocè - Miocè inferior,Conglomerats i bretxes amb matriu carbonatada,0.15,0.110647
356,1815M4,Quaternari,"Llims, argiles i graves. Eolianites a la costa",0.3,4.008138
357,1815M4,Triàsic superior - Juràssic inferior,Dolomies triturades amb calcàries a sostre,0.01,60.327032
358,1816M1,Juràssic mitjà-superior (Dogger-Malm),Margues amb intercalacions de calcàries detrítiques i oolítiques,0.05,6.43599
359,1816M1,Miocè inferior (Burdigalià),"Margues, gresos i conglomerats",0.15,1.670116
360,1816M1,Miocè mitjà (Serravalià),Llims i margues grises,0,3.132225
361,1816M1,Miocè superior (Tortonià-Messinià),"Calcàries oolítiques, estromatolítiques i arrecifals, i calcarenites",0.15,6.0329
362,1816M1,Oligocè,"Conglomerats, calcàries i argiles",0,2.730107
363,1816M1,Quaternari,"Llims, argiles i graves. Eolianites a la costa",0.2,17.824996
364,1816M1,Triàsic superior - Juràssic inferior,Dolomies triturades amb calcàries a sostre,0,0.017725
365,1816M2,Juràssic mitjà-superior (Dogger-Malm),Margues amb intercalacions de calcàries detrítiques i oolítiques,0.18,41.395595
366,1816M2,Miocè mitjà (Serravalià),Llims i margues grises,0,3.069827
367,1816M2,Miocè superior (Tortonià-Messinià),"Calcàries oolítiques, estromatolítiques i arrecifals, i calcarenites",0,1.705305
368,1816M2,Pliocè superior,Calcarenites biclàstiques groguenques,0.15,52.174496
369,1816M2,Quaternari,"Llims, argiles i graves. Eolianites a la costa",0.18,35.462476
370,1817M1,Cretaci inferior-mitjà,Margues pelàgiques blanques i calcàries,0.27,27.022395
371,1817M1,Juràssic mitjà-superior (Dogger-Malm),Margues amb intercalacions de calcàries detrítiques i oolítiques,0,1.173059
372,1817M1,Quaternari,"Llims, argiles i graves. Eolianites a la costa",0,13.65959
373,1817M1,Triàsic (Keuper),"Argiles, evaporites, margues, carnioles i roques bàsiques",0,7.764493
374,1817M1,Triàsic superior - Juràssic inferior,Dolomies triturades amb calcàries a sostre,0.15,9.654412
375,1817M2,Cretaci inferior-mitjà,Margues pelàgiques blanques i calcàries,0,0.124856
376,1817M2,Juràssic mitjà-superior (Dogger-Malm),Margues amb intercalacions de calcàries detrítiques i oolítiques,0.25,0.406697
377,1817M2,Miocè inferior (Burdigalià),"Margues, gresos i conglomerats",0.35,8.453397
378,1817M2,Miocè superior (Tortonià-Messinià),"Calcàries oolítiques, estromatolítiques i arrecifals, i calcarenites",0,8.230981
379,1817M2,Oligocè - Miocè inferior,Conglomerats i bretxes amb matriu carbonatada,0,4.679158
380,1817M2,Triàsic (Keuper),"Argiles, evaporites, margues, carnioles i roques bàsiques",0,2.206175
381,1817M2,Triàsic superior - Juràssic inferior,Dolomies triturades amb calcàries a sostre,0.3,1.635604
382,1817M3,Cretaci inferior-mitjà,Margues pelàgiques blanques i calcàries,0.3,1.283988
383,1817M3,Juràssic mitjà-superior (Dogger-Malm),Margues amb intercalacions de calcàries detrítiques i oolítiques,0.15,3.960449
384,1817M3,Miocè inferior (Burdigalià),"Margues, gresos i conglomerats",0.15,15.919483
385,1817M3,Miocè mitjà (Langhiense),Calcarenites bioclàstiques,0.15,4.612583
386,1817M3,Miocè superior (Tortonià-Messinià),"Calcàries oolítiques, estromatolítiques i arrecifals, i calcarenites",0,33.247584
387,1817M3,Oligocè - Miocè inferior,Conglomerats i bretxes amb matriu carbonatada,0,2.637667
388,1817M3,Pliocè superior,Calcarenites biclàstiques groguenques,0,20.506413
389,1817M3,Quaternari,"Llims, argiles i graves. Eolianites a la costa",0.3,1.287977
390,1817M3,Triàsic superior - Juràssic inferior,Dolomies triturades amb calcàries a sostre,0.2,0.279686
391,1817M4,Cretaci inferior-mitjà,Margues pelàgiques blanques i calcàries,0.15,17.338545
392,1817M4,Eoceno (Priaboniense),Margues a la base i calcàries a sostre,0,12.839164
393,1817M4,Juràssic mitjà-superior (Dogger-Malm),Margues amb intercalacions de calcàries detrítiques i oolítiques,0,2.910012
394,1817M4,Quaternari,"Llims, argiles i graves. Eolianites a la costa",0.05,1.34678
395,1817M4,Triàsic (Keuper),"Argiles, evaporites, margues, carnioles i roques bàsiques",0,10.120923
396,1817M4,Triàsic superior - Juràssic inferior,Dolomies triturades amb calcàries a sostre,0.15,4.745577
397,1817M5,Cretaci inferior-mitjà,Margues pelàgiques blanques i calcàries,0.1,19.189347
398,1817M5,Eoceno (Priaboniense),Margues a la base i calcàries a sostre,0.05,1.413509
399,1817M5,Juràssic mitjà-superior (Dogger-Malm),Margues amb intercalacions de calcàries detrítiques i oolítiques,0,6.985539
400,1817M5,Quaternari,"Llims, argiles i graves. Eolianites a la costa",0.15,4.611917
401,1817M5,Triàsic superior - Juràssic inferior,Dolomies triturades amb calcàries a sostre,0,3.963562
402,1817M6,Cretaci inferior-mitjà,Margues pelàgiques blanques i calcàries,0.1,21.092956
403,1817M6,Eoceno (Priaboniense),Margues a la base i calcàries a sostre,0,8.635581
404,1817M6,Juràssic mitjà-superior (Dogger-Malm),Margues amb intercalacions de calcàries detrítiques i oolítiques,0,0.007359
405,1817M6,Quaternari,"Llims, argiles i graves. Eolianites a la costa",0.05,0.115063
406,1817M6,Triàsic (Keuper),"Argiles, evaporites, margues, carnioles i roques bàsiques",0,13.405706
407,1817M6,Triàsic superior - Juràssic inferior,Dolomies triturades amb calcàries a sostre,0.15,0.000733
408,1818M1,Cretaci inferior-mitjà,Margues pelàgiques blanques i calcàries,0.3,1.53813
409,1818M1,Eocè (Bartonià),"Calcàries bioclàstiques, margues i calcàries",0.15,0.007223
410,1818M1,Juràssic mitjà-superior (Dogger-Malm),Margues amb intercalacions de calcàries detrítiques i oolítiques,0.2,1.736127
411,1818M1,Miocè inferior (Burdigalià),"Margues, gresos i conglomerats",0.15,0.229988
412,1818M1,Miocè mitjà (Langhiense),Calcarenites bioclàstiques,0.15,8.107988
413,1818M1,Miocè mitjà (Serravalià),Llims i margues grises,0.02,30.153205
414,1818M1,Miocè superior (Tortonià-Messinià),"Calcàries oolítiques, estromatolítiques i arrecifals, i calcarenites",0,0.013922
415,1818M1,Oligocè - Miocè inferior,Conglomerats i bretxes amb matriu carbonatada,0.02,1.039587
416,1818M1,Pliocè superior,Calcarenites biclàstiques groguenques,0.02,2.951008
417,1818M1,Quaternari,"Llims, argiles i graves. Eolianites a la costa",0.3,1.155629
418,1818M1,Triàsic superior - Juràssic inferior,Dolomies triturades amb calcàries a sostre,0.2,8.825621
419,1818M2,Cretaci inferior-mitjà,Margues pelàgiques blanques i calcàries,0.2,5.746854
420,1818M2,Eocè (Bartonià),"Calcàries bioclàstiques, margues i calcàries",0.15,0.254337
421,1818M2,Juràssic mitjà-superior (Dogger-Malm),Margues amb intercalacions de calcàries detrítiques i oolítiques,0.3,1.445471
422,1818M2,Miocè inferior (Burdigalià),"Margues, gresos i conglomerats",0.2,4.980292
423,1818M2,Miocè mitjà (Langhiense),Calcarenites bioclàstiques,0.02,3.349776
424,1818M2,Miocè mitjà (Serravalià),Llims i margues grises,0.2,0.352269
425,1818M2,Miocè superior (Tortonià-Messinià),"Calcàries oolítiques, estromatolítiques i arrecifals, i calcarenites",0.15,0.099974
426,1818M2,Oligocè - Miocè inferior,Conglomerats i bretxes amb matriu carbonatada,0,8.186414
427,1818M2,Quaternari,"Llims, argiles i graves. Eolianites a la costa",0.02,11.81309
428,1818M2,Triàsic superior - Juràssic inferior,Dolomies triturades amb calcàries a sostre,0.02,1.919636
429,1818M3,Cretaci inferior-mitjà,Margues pelàgiques blanques i calcàries,0.15,11.659032
430,1818M3,Eocè (Bartonià),"Calcàries bioclàstiques, margues i calcàries",0,6.734583
431,1818M3,Juràssic mitjà-superior (Dogger-Malm),Margues amb intercalacions de calcàries detrítiques i oolítiques,0.15,0.955965
432,1818M3,Miocè mitjà (Serravalià),Llims i margues grises,0,0.88101
433,1818M3,Miocè superior (Tortonià-Messinià),"Calcàries oolítiques, estromatolítiques i arrecifals, i calcarenites",0.15,0.002286
434,1818M3,Oligocè - Miocè inferior,Conglomerats i bretxes amb matriu carbonatada,0.15,0.299971
435,1818M3,Quaternari,"Llims, argiles i graves. Eolianites a la costa",0.22,2.694165
436,1818M3,Triàsic superior - Juràssic inferior,Dolomies triturades amb calcàries a sostre,0,8.883589
437,1818M4,Cretaci inferior-mitjà,Margues pelàgiques blanques i calcàries,0.02,0.867786
438,1818M4,Juràssic mitjà-superior (Dogger-Malm),Margues amb intercalacions de calcàries detrítiques i oolítiques,0.16,19.413737
439,1818M4,Miocè inferior (Burdigalià),"Margues, gresos i conglomerats",0.06,12.969015
440,1818M4,Miocè mitjà (Langhiense),Calcarenites bioclàstiques,0.2,0.01692
441,1818M4,Miocè mitjà (Serravalià),Llims i margues grises,0.05,6.896513
442,1818M4,Miocè superior (Tortonià-Messinià),"Calcàries oolítiques, estromatolítiques i arrecifals, i calcarenites",0.35,0.716601
443,1818M4,Quaternari,"Llims, argiles i graves. Eolianites a la costa",0.15,0.004581
444,1818M5,Cretaci inferior-mitjà,Margues pelàgiques blanques i calcàries,0.12,8.021565
445,1818M5,Juràssic mitjà-superior (Dogger-Malm),Margues amb intercalacions de calcàries detrítiques i oolítiques,0.22,0.002065
446,1818M5,Miocè inferior (Burdigalià),"Margues, gresos i conglomerats",0.15,0.00141
447,1818M5,Miocè mitjà (Langhiense),Calcarenites bioclàstiques,0,1.120738
448,1818M5,Miocè mitjà (Serravalià),Llims i margues grises,0.2,0.427884
449,1818M5,Miocè superior (Tortonià-Messinià),"Calcàries oolítiques, estromatolítiques i arrecifals, i calcarenites",0.15,0.733414
450,1818M5,Oligocè - Miocè inferior,Conglomerats i bretxes amb matriu carbonatada,0,0.206412
451,1818M5,Quaternari,"Llims, argiles i graves. Eolianites a la costa",0,3.414384
452,1818M5,Triàsic superior - Juràssic inferior,Dolomies triturades amb calcàries a sostre,0,8.005427
453,1819M1,Cretaci inferior-mitjà,Margues pelàgiques blanques i calcàries,0.15,2.129535
454,1819M1,Eoceno (Priaboniense),Margues a la base i calcàries a sostre,0,0.198564
455,1819M1,Eocè (Bartonià),"Calcàries bioclàstiques, margues i calcàries",0.15,5.076971
456,1819M1,Juràssic mitjà-superior (Dogger-Malm),Margues amb intercalacions de calcàries detrítiques i oolítiques,0.22,15.333107
457,1819M1,Miocè inferior (Burdigalià),"Margues, gresos i conglomerats",0.14,38.648872
458,1819M1,Miocè mitjà (Langhiense),Calcarenites bioclàstiques,0,9.911113
459,1819M1,Miocè mitjà (Serravalià),Llims i margues grises,0,5.697252
460,1819M1,Miocè superior (Tortonià-Messinià),"Calcàries oolítiques, estromatolítiques i arrecifals, i calcarenites",0.15,1.67958
461,1819M1,Oligocè - Miocè inferior,Conglomerats i bretxes amb matriu carbonatada,0.05,3.335631
462,1819M1,Quaternari,"Llims, argiles i graves. Eolianites a la costa",0.15,3.328915
463,1819M1,Triàsic superior - Juràssic inferior,Dolomies triturades amb calcàries a sostre,0,13.983586
464,1819M2,Cretaci inferior-mitjà,Margues pelàgiques blanques i calcàries,0.15,0.968518
465,1819M2,Eocè (Bartonià),"Calcàries bioclàstiques, margues i calcàries",0,4.154632
466,1819M2,Juràssic mitjà-superior (Dogger-Malm),Margues amb intercalacions de calcàries detrítiques i oolítiques,0.3,2.140439
467,1819M2,Miocè inferior (Burdigalià),"Margues, gresos i conglomerats",0.2,6.942726
468,1819M2,Miocè superior (Tortonià-Messinià),"Calcàries oolítiques, estromatolítiques i arrecifals, i calcarenites",0.15,0.671648
469,1819M2,Oligocè - Miocè inferior,Conglomerats i bretxes amb matriu carbonatada,0.15,2.065853
470,1819M2,Quaternari,"Llims, argiles i graves. Eolianites a la costa",0,0.87192
471,1819M2,Triàsic superior - Juràssic inferior,Dolomies triturades amb calcàries a sostre,0,7.090689
472,1820M1,Miocè superior (Tortonià-Messinià),"Calcàries oolítiques, estromatolítiques i arrecifals, i calcarenites",0.3,49.038463
473,1820M2,Cretaci inferior-mitjà,Margues pelàgiques blanques i calcàries,0.35,40.569006
474,1820M2,Juràssic mitjà-superior (Dogger-Malm),Margues amb intercalacions de calcàries detrítiques i oolítiques,0,0.013241
475,1820M2,Miocè superior (Tortonià-Messinià),"Calcàries oolítiques, estromatolítiques i arrecifals, i calcarenites",0,0.040178
476,1820M3,Miocè superior (Tortonià-Messinià),"Calcàries oolítiques, estromatolítiques i arrecifals, i calcarenites",0.28,48.624413
477,1821M1,Eocè (Bartonià),"Calcàries bioclàstiques, margues i calcàries",0.1,71.399664
478,1821M1,Miocè superior (Tortonià-Messinià),"Calcàries oolítiques, estromatolítiques i arrecifals, i calcarenites",0.15,0.032722
479,1821M1,Oligocè,"Conglomerats, calcàries i argiles",0.2,223.732695
480,1821M1,Quaternari,"Llims, argiles i graves. Eolianites a la costa",0.05,0.007089
481,1821M2,Juràssic mitjà-superior (Dogger-Malm),Margues amb intercalacions de calcàries detrítiques i oolítiques,0.15,0.003231
482,1821M2,Miocè inferior (Burdigalià),"Margues, gresos i conglomerats",0.15,0.000101
483,1821M2,Miocè superior (Tortonià-Messinià),"Calcàries oolítiques, estromatolítiques i arrecifals, i calcarenites",0.1,91.394172
484,1821M2,Oligocè - Miocè inferior,Conglomerats i bretxes amb matriu carbonatada,0,0.000911
485,1821M2,Quaternari,"Llims, argiles i graves. Eolianites a la costa",0.2,162.001985
486,1821M2,Triàsic superior - Juràssic inferior,Dolomies triturades amb calcàries a sostre,0,0.0224
487,1821M3,Cretaci inferior-mitjà,Margues pelàgiques blanques i calcàries,0.15,0.000364
488,1821M3,Eocè (Bartonià),"Calcàries bioclàstiques, margues i calcàries",0,0.023655
489,1821M3,Miocè inferior (Burdigalià),"Margues, gresos i conglomerats",0.15,0.313815
490,1821M3,Miocè superior (Tortonià-Messinià),"Calcàries oolítiques, estromatolítiques i arrecifals, i calcarenites",0.1,5.444675
491,1821M3,Oligocè - Miocè inferior,Conglomerats i bretxes amb matriu carbonatada,0.15,0.01086
492,1821M3,Quaternari,"Llims, argiles i graves. Eolianites a la costa",0.18,55.935573
493,1821M3,Triàsic superior - Juràssic inferior,Dolomies triturades amb calcàries a sostre,0,0.241244
1,2001M1,Cretaci inferior-mitjà,Margues pelàgiques blanques i calcàries,0.1,4.301263
2,2001M1,Cretaci mitjà,Dolomies,0.15,0.497091
3,2001M1,Cretaci mitjà,Margues i margocalcàries,0.1,1.922424
4,2001M1,Juràssic inferior,Dolomies massives i bretxes,0.2,11.151055
5,2001M1,Juràssic superior,Margues,0,6.802711
6,2001M1,Miocè inferior-mitjà (Aquitan.-Burdigal.),Conglomerats i gresos,0.05,1.1221
7,2001M1,Miocè inferior-mitjà (Aquitan.-Burdigal.),Calcisilites grises,0,7.605435
8,2001M1,Miocè superior (Tortonià),Calcàries arrecifals i calcarenites,0.3,0.816274
9,2001M1,Quaternari,"Llims, argiles i graves. Eolianites a la costa.",0.1,10.232213
10,2001M1,Quaternari,Argiles de descalcificació (karst),0,0.404449
11,2001M1,Triàsic (Keuper),"Argiles, evaporites, margues, carnioles i roques bàsiques",0,0.345662
12,2001M1,Triàsic mitjà - superior (Muschelkalk),Calcàries micrítiques i dolomies laminades.,0.1,0.000837
13,2001M2,Cretaci inferior-mitjà,Margues pelàgiques blanques i calcàries,0.1,3.014491
14,2001M2,Cretaci mitjà,Margues i margocalcàries,0.1,3.39918
15,2001M2,Cretaci mitjà,Dolomies,0.15,7.566234
16,2001M2,Juràssic inferior,Dolomies massives i bretxes,0.2,1.606201
17,2001M2,Juràssic superior,Margues,0,3.013924
18,2001M2,Miocè inferior-mitjà (Aquitan.-Burdigal.),Calcisilites grises,0,5.075204
19,2001M2,Miocè inferior-mitjà (Aquitan.-Burdigal.),Conglomerats i gresos,0.05,4.646362
20,2001M2,Miocè mitjà (Serravalià),Llims i margues grises,0,0.070693
21,2001M2,Miocè superior (Tortonià),Calcàries arrecifals i calcarenites,0.05,0.020301
22,2001M2,Quaternari,Argiles de descalcificació (karst),0,2.044502
23,2001M2,Quaternari,"Llims, argiles i graves. Eolianites a la costa.",0.1,7.462758
24,2001M2,Triàsic (Keuper),"Argiles, evaporites, margues, carnioles i roques bàsiques",0,1.191731
25,2002M1,Cretaci inferior-mitjà,Margues pelàgiques blanques i calcàries,0.1,4.811747
26,2002M1,Cretaci mitjà,Dolomies,0.15,1.337033
27,2002M1,Cretaci mitjà,Margues i margocalcàries,0.1,0.309138
28,2002M1,Juràssic inferior,Dolomies massives i bretxes,0.2,5.402071
29,2002M1,Juràssic superior,Margues,0,7.034144
30,2002M1,Miocè inferior-mitjà (Aquitan.-Burdigal.),Conglomerats i gresos,0.05,1.951348
31,2002M1,Miocè inferior-mitjà (Aquitan.-Burdigal.),Calcisilites grises,0,3.116409
32,2002M1,Quaternari,"Llims, argiles i graves. Eolianites a la costa.",0.1,9.31857
33,2002M1,Quaternari,Argiles de descalcificació (karst),0,1.367903
34,2002M1,Triàsic (Keuper),"Argiles, evaporites, margues, carnioles i roques bàsiques",0,0.387034
35,2002M1,Triàsic mitjà - superior (Muschelkalk),Calcàries micrítiques i dolomies laminades.,0.1,2.023443
36,2002M2,Juràssic inferior,Dolomies massives i bretxes,0.2,0.004758
37,2002M2,Miocè inferior-mitjà (Aquitan.-Burdigal.),Calcisilites grises,0,8.3e-05
38,2002M2,Miocè inferior-mitjà (Aquitan.-Burdigal.),Conglomerats i gresos,0.05,0.062176
39,2002M2,Quaternari,"Llims, argiles i graves. Eolianites a la costa.",0.1,15.083401
40,2002M3,Cretaci inferior-mitjà,Margues pelàgiques blanques i calcàries,0.1,0.26532
41,2002M3,Cretaci mitjà,Margues i margocalcàries,0.1,1.131939
42,2002M3,Cretaci mitjà,Dolomies,0.15,0.128702
43,2002M3,Cretaci superior,Calcàries amb globotruncanes,0.15,0.056234
44,2002M3,Juràssic inferior,Dolomies massives i bretxes,0.2,0.196539
45,2002M3,Miocè inferior-mitjà (Aquitan.-Burdigal.),Calcisilites grises,0,10.39886
46,2002M3,Miocè inferior-mitjà (Aquitan.-Burdigal.),Conglomerats i gresos,0.05,3.761156
47,2002M3,Quaternari,"Llims, argiles i graves. Eolianites a la costa.",0.1,27.553513
48,2002M3,Triàsic (Keuper),"Argiles, evaporites, margues, carnioles i roques bàsiques",0,0.139123
49,2002M3,Triàsic mitjà - superior (Muschelkalk),Calcàries micrítiques i dolomies laminades.,0.1,0.470107
50,2003M1,Cretaci mitjà,Margues i margocalcàries,0.1,1.607402
51,2003M1,Juràssic inferior,Dolomies massives i bretxes,0.2,1.926791
52,2003M1,Juràssic superior,Margues,0,4.745655
53,2003M1,Miocè inferior-mitjà (Aquitan.-Burdigal.),Calcisilites grises,0,0.052652
54,2003M1,Miocè mitjà (Serravalià),Llims i margues grises,0,0.423608
55,2003M1,Quaternari,"Llims, argiles i graves. Eolianites a la costa.",0.15,9.239294
56,2003M1,Triàsic (Keuper),"Argiles, evaporites, margues, carnioles i roques bàsiques",0,0.123261
57,2003M1,Triàsic mitjà - superior (Muschelkalk),Calcàries micrítiques i dolomies laminades.,0.1,0.058225
58,2003M2,Cretaci mitjà,Margues i margocalcàries,0.1,2.042148
59,2003M2,Juràssic inferior,Dolomies massives i bretxes,0.25,2.98288
60,2003M2,Juràssic superior,Margues,0,5.113218
61,2003M2,Miocè inferior-mitjà (Aquitan.-Burdigal.),Calcisilites grises,0,0.247754
62,2003M2,Quaternari,"Llims, argiles i graves. Eolianites a la costa.",0.18,4.940276
63,2003M2,Triàsic mitjà - superior (Muschelkalk),Calcàries micrítiques i dolomies laminades.,0.1,0.119826
64,2003M3,Cretaci inferior-mitjà,Margues pelàgiques blanques i calcàries,0.1,0.00289
65,2003M3,Cretaci mitjà,Margues i margocalcàries,0.1,2.168227
66,2003M3,Juràssic inferior,Dolomies massives i bretxes,0.2,0.416269
67,2003M3,Juràssic superior,Margues,0,0.287391
68,2003M3,Miocè inferior-mitjà (Aquitan.-Burdigal.),Conglomerats i gresos,0.05,2.882558
69,2003M3,Miocè inferior-mitjà (Aquitan.-Burdigal.),Calcisilites grises,0,18.928443
70,2003M3,Miocè mitjà (Serravalià),Llims i margues grises,0,2.298096
71,2003M3,Quaternari,"Llims, argiles i graves. Eolianites a la costa.",0.15,33.393168
72,2003M3,Triàsic (Keuper),"Argiles, evaporites, margues, carnioles i roques bàsiques",0,0.178445
73,2003M3,Triàsic mitjà - superior (Muschelkalk),Calcàries micrítiques i dolomies laminades.,0.1,1.394822
74,2003M4,Cretaci inferior-mitjà,Margues pelàgiques blanques i calcàries,0.1,1.136569
75,2003M4,Juràssic inferior,Dolomies massives i bretxes,0.15,7.310909
76,2003M4,Juràssic superior,Margues,0,5.434564
77,2003M4,Miocè inferior-mitjà (Aquitan.-Burdigal.),Calcisilites grises,0,2.029979
78,2003M4,Miocè inferior-mitjà (Aquitan.-Burdigal.),Conglomerats i gresos,0.05,0.453063
79,2003M4,Miocè mitjà (Serravalià),Llims i margues grises,0,0.374605
80,2003M4,Quaternari,"Llims, argiles i graves. Eolianites a la costa.",0.1,21.122157
81,2003M4,Quaternari,Argiles de descalcificació (karst),0,0.098273
82,2003M4,Triàsic (Keuper),"Argiles, evaporites, margues, carnioles i roques bàsiques",0,2.141887
83,2003M4,Triàsic mitjà - superior (Muschelkalk),Calcàries micrítiques i dolomies laminades.,0.1,0.629439
84,2004M1,Cretaci inferior-mitjà,Margues pelàgiques blanques i calcàries,0.1,0.00232
85,2004M1,Cretaci mitjà,Margues i margocalcàries,0.1,4.709436
86,2004M1,Juràssic inferior,Dolomies massives i bretxes,0.2,2.365402
87,2004M1,Juràssic superior,Margues,0,7.326755
88,2004M1,Miocè inferior-mitjà (Aquitan.-Burdigal.),Conglomerats i gresos,0.05,0.003465
89,2004M1,Miocè inferior-mitjà (Aquitan.-Burdigal.),Calcisilites grises,0,0.06919
90,2004M1,Miocè mitjà (Serravalià),Llims i margues grises,0,0.251172
91,2004M1,Quaternari,"Llims, argiles i graves. Eolianites a la costa.",0.1,6.167582
92,2004M1,Triàsic (Keuper),"Argiles, evaporites, margues, carnioles i roques bàsiques",0,0.09033
93,2004M1,Triàsic mitjà - superior (Muschelkalk),Calcàries micrítiques i dolomies laminades.,0.1,0.108354
94,2004M2,Cretaci mitjà,Margues i margocalcàries,0.1,0.262993
95,2004M2,Juràssic inferior,Dolomies massives i bretxes,0.2,8.547793
96,2004M2,Juràssic superior,Margues,0,0.366533
97,2004M2,Miocè inferior-mitjà (Aquitan.-Burdigal.),Conglomerats i gresos,0.05,0.11531
98,2004M2,Miocè inferior-mitjà (Aquitan.-Burdigal.),Calcisilites grises,0,0.813294
99,2004M2,Miocè mitjà (Serravalià),Llims i margues grises,0,2.447634
100,2004M2,Quaternari,"Llims, argiles i graves. Eolianites a la costa.",0.1,24.911886
101,2004M2,Quaternari,Argiles de descalcificació (karst),0,0.137989
102,2004M2,Triàsic mitjà - superior (Muschelkalk),Calcàries micrítiques i dolomies laminades.,0.1,1.023282
103,2005M1,Cretaci inferior-mitjà,Margues pelàgiques blanques i calcàries,0.1,1.923695
104,2005M1,Cretaci mitjà,Margues i margocalcàries,0.1,1.898893
105,2005M1,Cretaci mitjà,Dolomies,0.15,5.991076
106,2005M1,Cretaci superior,Calcàries amb globotruncanes,0.15,0.058849
107,2005M1,Juràssic inferior,Dolomies massives i bretxes,0.2,0.520563
108,2005M1,Juràssic superior,Margues,0,0.195328
109,2005M1,Miocè inferior-mitjà (Aquitan.-Burdigal.),Calcisilites grises,0,4.116971
110,2005M1,Miocè inferior-mitjà (Aquitan.-Burdigal.),Conglomerats i gresos,0.05,2.591203
111,2005M1,Quaternari,"Llims, argiles i graves. Eolianites a la costa.",0.1,23.87206
112,2005M1,Triàsic (Keuper),"Argiles, evaporites, margues, carnioles i roques bàsiques",0,0.263799
113,2005M1,Triàsic mitjà - superior (Muschelkalk),Calcàries micrítiques i dolomies laminades.,0.1,0.47154
114,2005M2,Cretaci inferior-mitjà,Margues pelàgiques blanques i calcàries,0.05,1.258877
115,2005M2,Cretaci mitjà,Margues i margocalcàries,0.05,4.708866
116,2005M2,Cretaci superior,Calcàries amb globotruncanes,0.1,5.221192
117,2005M2,Juràssic inferior,Dolomies massives i bretxes,0.2,0.117519
118,2005M2,Juràssic superior,Margues,0,2.089586
119,2005M2,Miocè inferior-mitjà (Aquitan.-Burdigal.),Conglomerats i gresos,0.05,0.484032
120,2005M2,Miocè inferior-mitjà (Aquitan.-Burdigal.),Calcisilites grises,0,0.733895
121,2005M2,Quaternari,"Llims, argiles i graves. Eolianites a la costa.",0.1,7.788458
122,2005M2,Triàsic (Keuper),"Argiles, evaporites, margues, carnioles i roques bàsiques",0,0.137481
123,2005M2,Triàsic mitjà - superior (Muschelkalk),Calcàries micrítiques i dolomies laminades.,0.1,0.003907
124,2006M1,Cretaci inferior-mitjà,Margues pelàgiques blanques i calcàries,0.1,0.034354
125,2006M1,Cretaci mitjà,Margues i margocalcàries,0.1,0.006603
126,2006M1,Juràssic inferior,Dolomies massives i bretxes,0.2,0.285082
127,2006M1,Juràssic superior,Margues,0,0.000624
128,2006M1,Miocè inferior-mitjà (Aquitan.-Burdigal.),Calcisilites grises,0.05,9.606027
129,2006M1,Miocè inferior-mitjà (Aquitan.-Burdigal.),Conglomerats i gresos,0.1,0.000535
130,2006M1,Miocè mitjà (Serravalià),Llims i margues grises,0,0.000443
131,2006M1,Quaternari,"Llims, argiles i graves. Eolianites a la costa.",0.11,11.516278
132,2006M1,Triàsic (Keuper),"Argiles, evaporites, margues, carnioles i roques bàsiques",0,0.098695
133,2006M1,Triàsic mitjà - superior (Muschelkalk),Calcàries micrítiques i dolomies laminades.,0.1,0.029696
134,2006M2,Cretaci mitjà,Margues i margocalcàries,0.1,0.873466
135,2006M2,Juràssic inferior,Dolomies massives i bretxes,0.2,0.836347
136,2006M2,Juràssic superior,Margues,0,4.806206
137,2006M2,Miocè inferior-mitjà (Aquitan.-Burdigal.),Calcisilites grises,0,0.009025
138,2006M2,Quaternari,"Llims, argiles i graves. Eolianites a la costa.",0.1,38.326157
139,2006M3,Cretaci inferior-mitjà,Margues pelàgiques blanques i calcàries,0.1,1.156332
140,2006M3,Cretaci mitjà,Margues i margocalcàries,0.1,5.69995
141,2006M3,Juràssic inferior,Dolomies massives i bretxes,0.25,4.32779
142,2006M3,Juràssic superior,Margues,0,15.628747
143,2006M3,Miocè inferior-mitjà (Aquitan.-Burdigal.),Calcisilites grises,0,3.870255
144,2006M3,Miocè inferior-mitjà (Aquitan.-Burdigal.),Conglomerats i gresos,0.05,1.543084
145,2006M3,Quaternari,"Llims, argiles i graves. Eolianites a la costa.",0.15,25.977126
146,2006M3,Triàsic (Keuper),"Argiles, evaporites, margues, carnioles i roques bàsiques",0,0.067221
147,2006M3,Triàsic mitjà - superior (Muschelkalk),Calcàries micrítiques i dolomies laminades.,0.15,2.152489
148,2101M4,Miocè superior,Conglomerats i llims rojos amb graves,0.05,3.321848
149,2101M4,Miocè superior (Tortonià),Calcàries arrecifals i calcarenites,0.2,34.230511
150,2101M4,Quaternari,Argiles de descalcificació (karst),0,3.553809
151,2101M4,Quaternari,"Llims, argiles i graves. Eolianites a la costa.",0.12,39.274703
1,1901M1,Carbonífer,Turbidites mixtes siliciclàstiques i carbonatades,0,0.016101
2,1901M1,Miocè superior (Tortonià-Messinià),Calcarenites i calcisilites amb còdols.,0.25,116.121888
3,1901M1,Quaternari,"Llims, argiles i graves",0.15,0.851849
4,1901M1,Triàsic inferior-mitjà (Buntsandstein),Gresos i lutites vermelles,0,0.02196
5,1901M2,Carbonífer,Turbidites mixtes siliciclàstiques i carbonatades,0,0.000313
6,1901M2,Devonià,Gresos i pissarres,0,1.4e-05
7,1901M2,Miocè superior (Tortonià-Messinià),Calcarenites i calcisilites amb còdols.,0.23,98.568495
8,1901M2,Quaternari,"Llims, argiles i graves",0.15,4.222319
9,1901M2,Triàsic inferior-mitjà (Buntsandstein),Gresos i lutites vermelles,0,0.237938
10,1901M3,Carbonífer,Turbidites mixtes siliciclàstiques i carbonatades,0,0.020181
11,1901M3,Juràssic inferior,Dolomies i calcàries,0.18,16.398968
12,1901M3,Miocè inferior-mitjà (Aquitanià-Burdigalià),Conglomerats i gresos,0.05,0.365407
13,1901M3,Miocè superior (Tortonià-Messinià),Calcarenites i calcisilites amb còdols.,0.25,142.213646
14,1901M3,Quaternari,"Llims, argiles i graves",0.15,4.755548
15,1901M3,Triàsic (Keuper),Margues i evaporites,0,0.345343
16,1901M3,Triàsic inferior-mitjà (Buntsandstein),Gresos i lutites vermelles,0,0.19808
17,1901M3,Triàsic mitjà-superior (Muschelkalk),Calcàries micrítiques i dolomies laminades,0.08,0.947171
