cod_pozo,cod_provincia,nombre,cod_masa,X,Y,cota_terreno_m,red_cualitativa,red_piezometrica
EI0001,072,Sant Miquel Poble,2003M4,364532,4323728,148.5,FALSE,TRUE
EI0004,072,X-1 Sant Antoni (c Londres),2002M2,353429,4316057,2.7,FALSE,TRUE
EI0005,072,300-1 camí Butano Sa Vurera,2002M2,356124,4315959,25.0,FALSE,TRUE
EI0006,072,302-4 Sondeig Castell des Puig,2002M3,357241,4315017,56.6,FALSE,TRUE
EI0007,072,X-2 Camí es Pla,2002M2,355455,4316207,14.4,FALSE,TRUE
EI0008,072,X-5 Nòria es Pla,2002M2,354465,4316363,9.8,TRUE,TRUE
EI0009,072,340-4 després s'Hort Nou,2006M1,362513,4315607,69.3,FALSE,TRUE
EI0010,072,340-6 Noria abans s'Hort Nou,2006M1,362859,4315734,65.2,FALSE,TRUE
EI0011,072,341-1 Noria en front Can Bernat,2006M1,363953,4314842,49.6,FALSE,TRUE
EI0012,072,342-1 en front Can Rei,2003M3,365514,4315313,83.9,FALSE,TRUE
EI0013,072,374-1 Can Ramon,2006M2,365541,4311745,32.6,FALSE,TRUE
EI0014,072,377-2 dalt Casa Guapa,2003M3,367648,4315634,63.1,FALSE,TRUE
EI0015,072,400-10 Eivissa Garden,2006M2,364986,4310464,12.5,FALSE,TRUE
EI0016,072,Pou 815 Santa Gertrudis,2006M1,364665,4316421,99.3,TRUE,TRUE
EI0017,072,391-2 Torrent Jondal,2006M3,354069,4304149,8.3,FALSE,TRUE
EI0018,072,394-2 Molí Costat Huedo,2006M2,357654,4304595,19.1,FALSE,TRUE
EI0019,072,394-3 costat Huedo,2006M2,357842,4304160,12.8,TRUE,TRUE
EI0020,072,397-1 Roig (Sant Jordi),2006M2,360506,4306569,29.6,TRUE,TRUE
EI0021,072,415-1 Darrera Aeroport,2006M2,360368,4304521,5.4,TRUE,TRUE
EI0022,072,415-2 Darrera Aeroport,2006M2,358644,4303629,3.5,FALSE,TRUE
EI0023,072,397-13 Molí davant discoteca,2006M2,360637,4304771,4.2,FALSE,TRUE
EI0025,072,379-5 Pont de Sa Llosa,2003M1,371288,4317057,40.9,FALSE,TRUE
EI0026,072,298-1 Carretera St Josep,2002M2,353479,4313666,26.5,FALSE,TRUE
EI0028,072,394-1 costat Planas,2006M2,358025,4304964,24.7,TRUE,TRUE
EI0029,072,394-4 costat Torrent Sa Font,2006M2,357710,4305606,37.9,TRUE,TRUE
EI0032,072,383-1 Noria Cala Pada,2004M2,375468,4317423,13.7,FALSE,TRUE
EI0033,072,405-3 Noria Cala Llonga,2003M2,370666,4312219,13.3,TRUE,TRUE
EI0112,072,Can Marge I,2004M1,375593,4326347,48.2,TRUE,FALSE
EI0119,072,Can Fita II,2006M3,361004,4308473,105.9,TRUE,TRUE
EI0120,072,Cas Corp I,2006M3,362966,4310707,39.7,TRUE,TRUE
EI0121,072,Cas Corp II,2006M3,363067,4310721,40.5,TRUE,TRUE
EI0122,072,Es Fornàs,2006M3,362033,4310894,57.8,TRUE,TRUE
EI0123,072,Can Costa,2006M3,360594,4309310,133.7,TRUE,TRUE
EI0124,072,Sa Rota des Puig,2004M2,375812,4320037,63.9,TRUE,TRUE
EI0127,072,Casa Anglès,2004M2,375992,4318622,31.6,TRUE,TRUE
EI0136,072,Can Pep Rayet 3,2003M2,366437,4310974,62.5,TRUE,TRUE
EI0137,072,Can Pep Rayet 4,2003M2,366445,4311032,68.1,TRUE,TRUE
EI0138,072,Can Pep Rayet 1,2003M2,366355,4310874,63.3,TRUE,TRUE
EI0141,072,Can Pep Parra,2002M3,360184,4313807,129.5,TRUE,TRUE
EI0142,072,Can Bonet de Baix,2006M1,363130,4314595,130.6,TRUE,TRUE
EI0150,072,Granja Consell,2004M2,373836,4317170,13.8,FALSE,TRUE
EI0152,072,Sa Gravada 6,2003M2,370195,4312868,37.9,FALSE,TRUE
EI0155,072,Can Xicu Sala,2004M2,377059,4321575,77.1,TRUE,TRUE
EI0157,072,Ses Eres I,2006M3,360014,4308791,83.3,FALSE,TRUE
EI0158,072,Can Simó,2006M3,362095,4309772,72.0,TRUE,TRUE
EI0159,072,Can Fita I,2006M3,360682,4308686,120.7,TRUE,FALSE
EI0162,072,Sa Talaia,2005M1,349167,4308304,260.1,TRUE,FALSE
EI0163,072,Can Vicent Ribas,2002M3,355678,4311619,116.0,TRUE,TRUE
EI0164,072,Cala Tarida,2005M1,347837,4312205,66.9,FALSE,TRUE
EI0166,072,Cavero,2006M3,358898,4306964,52.4,TRUE,FALSE
EI0173,072,Can Pere March I,2002M2,353434,4313933,17.1,TRUE,TRUE
EI0174,072,Can Joan Bernat,2002M2,351871,4314224,17.5,TRUE,TRUE
EI0175,072,Josep Ribas I,2002M2,351924,4313527,38.5,TRUE,TRUE
EI0179,072,Can Micolau,2002M1,354750,4317197,49.9,TRUE,TRUE
EI0182,072,Can Turet,2002M2,355721,4316685,22.2,TRUE,TRUE
EI0183,072,Can Forn 2,2002M1,355898,4317606,50.2,TRUE,TRUE
EI0188,072,Can Xic Andreu,2001M1,371259,4327698,84.4,TRUE,TRUE
EI0189,072,Cas Cotxu,2001M1,369898,4325482,135.7,TRUE,TRUE
EI0190,072,Can Covetes,2001M1,370321,4326252,151.8,TRUE,TRUE
EI0191,072,Escoles Sant Miquel,2003M4,364543,4323469,145.8,TRUE,TRUE
EI0194,072,Can Llaurador,2003M3,369240,4315674,70.9,TRUE,TRUE
EI0195,072,Can Basora 1,2003M1,370815,4316040,37.1,TRUE,TRUE
EI0196,072,Juan Sala I,2003M1,371458,4316830,40.2,TRUE,TRUE
EI0197,072,Juan Sala II,2003M1,371516,4316942,65.8,TRUE,TRUE
EI0198,072,Juan Sala III,2003M1,371640,4317151,54.5,TRUE,TRUE
EI0208,072,Ca'n Guasch,2003M3,365060,4317985,112.3,TRUE,TRUE
EI0219,072,Can Toni Sastre,2003M4,363500,4321479,158.0,TRUE,TRUE
EI0220,072,Cap de sa Tanca,2005M1,350282,4309601,195.1,TRUE,TRUE
EI0221,072,Can Joan Cant,2005M2,352374,4309497,177.3,TRUE,TRUE
EI0223,072,Can Vicenç Tallada,2005M2,353317,4309349,157.7,TRUE,TRUE
EI0227,072,Pou 22 Santa Gertrudis,2006M1,364903,4315293,80.5,TRUE,TRUE
EI0230,072,Artea I nou,2006M1,363361,4318109,153.9,TRUE,FALSE
EI0231,072,Es Forn Nou,2002M3,351559,4310766,104.6,TRUE,TRUE
EI0235,072,Sínia st Antoni (14.005),2002M2,354450,4316253,7.5,TRUE,TRUE
EI0241,072,Can Sastre A-8340,2001M1,371709,4326254,211.6,TRUE,TRUE
EI0242,072,Ses Eres II,2006M3,359827,4309037,98.2,FALSE,TRUE
EI0255,072,Eivissa Garden,2006M2,365113,4310380,9.7,TRUE,TRUE
EI0298,072,Can Sastre Yrida,2002M1,356937,4319142,73.0,TRUE,TRUE
EI0301,072,Can Pep Andreu,2003M3,369690,4321604,76.8,FALSE,TRUE
EI0303,072,Benito Fulgencio,2004M2,375010,4320406,49.5,FALSE,TRUE
EI0304,072,Can Berris,2005M2,352737,4309085,156.9,TRUE,TRUE
EI0305,072,Can Gerchu,2006M3,355827,4306606,92.6,TRUE,TRUE
EI0306,072,Marina den Juano,2001M2,364469,4326133,26.8,TRUE,TRUE
EI0307,072,Mestre Sa Bassa,2005M1,348265,4313351,42.7,TRUE,TRUE
EI0308,072,Sa Tanca Ribas,2002M2,351780,4313574,38.1,TRUE,TRUE
EI0310,072,Casa Lima,2002M1,353027,4317501,51.5,FALSE,TRUE
EI0311,072,Forada Juan Tur,2002M1,359479,4317311,107.7,FALSE,TRUE
EI0312,072,Can Turico,2002M1,352846,4317363,43.2,FALSE,TRUE
EI0313,072,Can Sulallas,2001M2,362343,4324921,187.6,TRUE,TRUE
EI0314,072,Can Ric Sa Vurera,2002M2,356235,4316892,24.1,FALSE,TRUE
EI0315,072,Can Miquel des Rec,2001M2,357904,4322653,192.6,TRUE,TRUE
EI0316,072,Can Juan Cova,2003M4,364722,4323809,139.6,TRUE,TRUE
EI0321,072,Can Pep Masia,2001M2,365072,4324600,71.1,TRUE,TRUE
EI0322,072,Can Cova,2003M4,364744,4323932,139.1,TRUE,TRUE
EI0324,072,Can Marc 2,2002M2,353469,4313937,17.5,TRUE,TRUE
EI0325,072,Can Miquel Pere,2004M2,374499,4320715,47.6,TRUE,FALSE
EI0327,072,S-1 Ses Feixes Talamanca Ajt,2006M2,365352,4308736,0.4,FALSE,TRUE
EI0328,072,S-2 Ses Feixes Talamanca (NO),2006M2,366033,4309017,0.7,TRUE,TRUE
EI0329,072,S-3 Ses Feixes Talamanca (centre),2006M2,365682,4308660,0.6,FALSE,TRUE
EI0332,072,S-6 Camp de Futbol,2003M2,366182,4309516,19.0,FALSE,TRUE
EI0343,072,Pou 11 Santa Gertrudis,2006M1,364770,4316360,98.0,TRUE,TRUE
EI0345,072,Artea II,2006M1,363377,4318108,153.2,FALSE,TRUE
EI0361,072,Can Marge III,2004M1,375556,4326356,30.0,FALSE,TRUE
EI0392,072,Es Broll de Buscastell,2002M1,358322,4320433,110.6,TRUE,TRUE
FO0001,071,P1 Carbonicas Tur,2101M4,363127,4286409,13.6,TRUE,TRUE
FO0002,071,P2 Can Marianu Barbé,2101M4,365187,4284576,18.7,TRUE,TRUE
FO0003,071,P3 Can Manuel de Sa Reu,2101M4,361937,4282022,50.2,FALSE,TRUE
FO0005,071,P5 Camí des Pou,2101M4,363190,4286642,6.6,TRUE,TRUE
FO0006,071,P6 Can Vicent Jaume,2101M4,368220,4282895,8.3,TRUE,TRUE
FO0007,071,P7 Can Campanix,2101M4,371005,4282000,5.0,TRUE,TRUE
FO0008,071,P8 Can Toni Ramon,2101M4,363470,4283204,26.5,TRUE,TRUE
FO0010,071,P10 Can Jaume Barbé,2101M4,370233,4282303,5.5,TRUE,TRUE
FO0011,071,P11 Casa Ramiro,2101M4,364230,4284329,25.4,TRUE,TRUE
FO0013,071,P13 Can Miquel Blay,2101M4,363890,4284288,30.5,TRUE,TRUE
FO0017,071,P17 Casa Antònia,2101M4,366377,4286550,20.9,TRUE,TRUE
FO0018,071,P18 Autocares Paya,2101M4,366494,4286238,31.8,TRUE,TRUE
FO0019,071,P19 Es Caló den Truy,2101M4,360162,4284320,13.3,TRUE,TRUE
FO0021,071,P21 Hostal Pepe,2101M4,365932,4285420,32.1,TRUE,TRUE
FO0023,071,P23 Gesa,2101M4,366370,4283697,25.9,TRUE,TRUE
FO0025,071,P25 Sondeig Begarada,2101M4,361155,4285366,46.6,TRUE,TRUE
FO0026,071,P26 Camí Porto Salé,2101M4,361225,4285731,51.8,TRUE,TRUE
FO0028,071,P28 Ca'n Pep Blai,2101M4,361644,4286168,30.4,TRUE,TRUE
FO0030,071,Casa Victoria,2101M4,361750,4282011,51.3,TRUE,TRUE
FO0031,071,Casa Isabel,2101M4,361094,4284963,44.1,TRUE,TRUE
FO0032,071,Ronda St Francesc,2101M4,363450,4285075,29.5,TRUE,TRUE
MA0001,073,Can Llobera,1805M1,497612,4413008,92.5,FALSE,TRUE
MA0003,073,Can Calent,1804M2,502907,4415170,35.8,FALSE,TRUE
MA0004,073,Cuixach,1804M2,501694,4414946,48.4,FALSE,TRUE
MA0006,073,Can Musqueroles,1805M2,502642,4412876,29.8,FALSE,TRUE
MA0007,073,S-33 S'Arboçar,1805M3,503799,4410008,43.0,FALSE,TRUE
MA0008,073,S-34 Es Pontarró,1805M2,503207,4413328,26.2,FALSE,TRUE
MA0009,073,S-37 Aligi Sassu,1805M2,504062,4412395,27.3,FALSE,TRUE
MA0010,073,Can Sureda,1805M2,501900,4410166,95.9,FALSE,TRUE
MA0011,073,Son Temp,1804M3,505402,4414511,11.1,FALSE,TRUE
MA0012,073,UF-A-22 ermita / Can Cusset,1805M1,500222,4411879,82.4,FALSE,TRUE
MA0013,073,UF-A-23 ermita / Can Sucre,1805M1,500607,4412385,54.4,FALSE,TRUE
MA0014,073,Almadrava2002 inferior,1805M2,505588,4413591,8.6,FALSE,TRUE
MA0015,073,Almadrava2002 superior,1805M2,505584,4413592,8.6,FALSE,TRUE
MA0016,073,Almadrava 96,1805M2,505751,4413409,7.9,FALSE,TRUE
MA0017,073,Almadrava 97,1805M2,505407,4413595,9.9,FALSE,TRUE
MA0018,073,UF-A-21 ermita / Can Cusset,1805M1,500297,4411798,62.0,FALSE,TRUE
MA0019,073,Font d'Almadrava,1805M2,505445,4413631,5.1,TRUE,FALSE
MA0021,073,MR-13,1811M1,505127,4403164,5.9,TRUE,TRUE
MA0022,073,MR-23,1811M1,504272,4404492,2.8,TRUE,TRUE
MA0024,073,MR-28,1811M1,505105,4404102,3.9,TRUE,TRUE
MA0027,073,MR-7,1811M1,504841,4405248,3.0,TRUE,TRUE
MA0028,073,MR-175,1811M1,506830,4402339,3.2,TRUE,TRUE
MA0029,073,MR-179,1811M1,506420,4403035,6.1,TRUE,TRUE
MA0030,073,MR-187,1811M1,506334,4402008,4.6,TRUE,TRUE
MA0032,073,MR-220,1811M1,506006,4402921,4.5,TRUE,TRUE
MA0033,073,MR-68,1811M1,507858,4402043,2.8,TRUE,TRUE
MA0034,073,MR-91,1811M2,507938,4401647,4.5,TRUE,TRUE
MA0035,073,MR-97,1811M2,507476,4401601,7.1,TRUE,TRUE
MA0037,073,S-2A Alzinar,1801M4,447869,4382741,120.0,FALSE,TRUE
MA0038,073,Barri Son Guiem,1801M3,448246,4382258,114.5,FALSE,TRUE
MA0039,073,Font Pública 1 Es Rafal Blanc,1801M2,452138,4382389,224.2,FALSE,TRUE
MA0044,073,Font Pública 7 Porvenir,1801M3,447900,4381191,72.5,TRUE,TRUE
MA0045,073,Font Pública 8 Sortida s'Arracó,1801M3,447282,4381028,70.0,TRUE,TRUE
MA0046,073,Font Pública 2 Sa Coma,1801M2,451157,4381424,94.2,FALSE,TRUE
MA0050,073,Font Pública 6 Font de la Vila,1801M2,449591,4381004,70.0,FALSE,TRUE
MA0051,073,Font Pública 9 Son Esteve,1801M2,449985,4379791,54.0,TRUE,TRUE
MA0052,073,S-3 fi Son Grau,1821M2,505038,4367458,62.0,FALSE,TRUE
MA0053,073,S-3 curt Son Grau,1821M2,505038,4367458,62.0,FALSE,TRUE
MA0054,073,S-4 Can Negret,1821M3,509521,4372179,74.9,FALSE,TRUE
MA0055,073,S-8 Encreuament Felanitx-Porreres,1821M3,507577,4370128,84.3,FALSE,TRUE
MA0056,073,S-15 Son Erissó / S. Granada,1821M1,482933,4369779,125.4,FALSE,TRUE
MA0057,073,S-16 s'Àguila,1821M1,482440,4361453,88.1,FALSE,TRUE
MA0058,073,S-1 Can Busso,1821M1,487960,4364270,90.4,FALSE,TRUE
MA0059,073,S-18 Sa Torre,1821M1,485736,4367798,121.3,FALSE,TRUE
MA0060,073,S-14 prf Ctra. Llucm-Campos,1821M1,496511,4366951,82.5,FALSE,TRUE
MA0061,073,S-14 alt Ctra. Llucm-Campos,1821M1,496511,4366951,82.5,FALSE,TRUE
MA0062,073,S-20,1821M1,486946,4360658,70.9,FALSE,TRUE
MA0063,073,S-17 Ses Sitjoles,1821M1,495986,4362696,41.5,FALSE,TRUE
MA0064,073,S-19 (Llucmajor),1821M1,491685,4360915,60.1,FALSE,TRUE
MA0065,073,S-23,1821M2,501481,4356540,5.9,FALSE,TRUE
MA0066,073,S-24 profund,1821M2,508087,4356324,48.1,FALSE,TRUE
MA0067,073,S-24 superior,1821M2,508087,4356324,48.1,FALSE,TRUE
MA0068,073,S-21,1821M2,506630,4351307,63.9,FALSE,TRUE
MA0069,073,S-2 (Campos),1821M2,500677,4359446,6.3,FALSE,TRUE
MA0070,073,So n'Obra,1821M3,506048,4374747,119.7,TRUE,TRUE
MA0071,073,699-8-17,1821M3,505937,4375539,104.6,TRUE,TRUE
MA0072,073,Son Veny,1821M3,511618,4374348,69.4,TRUE,TRUE
MA0073,073,699-8-23,1821M3,508883,4374712,82.4,TRUE,TRUE
MA0075,073,699-8-29,1821M3,510287,4372754,71.9,FALSE,TRUE
MA0076,073,699-8-42,1821M3,505814,4373304,104.8,FALSE,TRUE
MA0077,073,699-8-48,1821M3,510039,4374973,72.9,TRUE,TRUE
MA0078,073,699-8-62,1821M3,507007,4375678,108.5,TRUE,TRUE
MA0079,073,699-8-68b,1821M3,511190,4374882,68.0,TRUE,TRUE
MA0080,073,699-8-E4,1821M3,510808,4374951,69.8,TRUE,TRUE
MA0082,073,724-3-15 Son Bessons,1821M2,502961,4367109,34.9,TRUE,TRUE
MA0083,073,724-3-16 Es Camp Roig,1815M1,502394,4371252,110.8,TRUE,TRUE
MA0085,073,724-3-31 Hivernacles Agro Mart,1815M1,502166,4371480,115.6,TRUE,TRUE
MA0086,073,724-3-5 Don Diegos,1821M2,502321,4367511,49.5,TRUE,TRUE
MA0087,073,724-3-73 Camí Son Drago,1815M1,501526,4370467,106.7,TRUE,TRUE
MA0088,073,s’Hort Serra,1821M2,504639,4365341,24.6,TRUE,TRUE
MA0090,073,724-4-13,1821M3,505966,4371049,91.3,TRUE,TRUE
MA0092,073,Son Mesquida Nou,1821M3,507018,4370466,86.8,TRUE,TRUE
MA0093,073,724-4-25,1821M3,508030,4369476,78.0,TRUE,TRUE
MA0094,073,724-4-57,1821M3,509279,4371365,75.0,TRUE,TRUE
MA0095,073,724-4-58,1821M2,505575,4366053,55.7,TRUE,TRUE
MA0096,073,724-4-64,1821M2,507230,4363702,64.4,TRUE,TRUE
MA0097,073,724-4-65,1821M2,507036,4367208,68.3,TRUE,TRUE
MA0098,073,724-4-8,1821M3,507614,4370090,83.5,FALSE,TRUE
MA0099,073,724-3-72 dues entrades,1821M2,501454,4367522,49.8,TRUE,TRUE
MA0100,073,723-4-21,1821M1,478069,4367644,92.5,TRUE,TRUE
MA0101,073,Can Ferriol,1821M1,478498,4369224,66.2,FALSE,TRUE
MA0102,073,723-8-2 Cap Blanc,1821M1,483401,4358680,65.9,TRUE,TRUE
MA0103,073,Son Vich (c/ Allapasa),1821M1,479281,4362614,116.4,TRUE,TRUE
MA0104,073,724-1-2,1821M1,488736,4370566,127.1,TRUE,TRUE
MA0105,073,Son Cosmet,1821M2,499755,4363752,33.6,TRUE,FALSE
MA0106,073,Can Guillemet,1821M2,500503,4365572,39.9,TRUE,TRUE
MA0107,073,Son Durò,1821M2,495859,4357096,8.1,TRUE,TRUE
MA0108,073,Ca n'Estela,1821M2,497214,4358235,6.4,TRUE,TRUE
MA0109,073,Son Andreu,1821M1,495030,4360723,35.5,TRUE,TRUE
MA0110,073,Sa Cunasa - Can Llodonet,1821M2,503579,4363063,18.0,TRUE,TRUE
MA0111,073,724-7-10 Font Santa,1821M2,501269,4356024,2.0,TRUE,TRUE
MA0112,073,724-7-11bis,1821M2,505198,4361919,27.5,TRUE,TRUE
MA0113,073,724-7-12 Devora Carretera,1821M2,500200,4358955,4.1,TRUE,TRUE
MA0116,073,Son Amer,1821M2,503127,4359781,15.9,TRUE,TRUE
MA0119,073,"Dues Palmeres, Ctra. Santanyí",1821M2,504624,4361896,21.5,TRUE,TRUE
MA0120,073,724-7-9,1821M2,502215,4356649,11.2,TRUE,TRUE
MA0122,073,Son Danus,1821M2,509481,4357730,53.7,TRUE,TRUE
MA0123,073,748-3-1,1821M2,502904,4353593,7.1,TRUE,TRUE
MA0124,073,Encreuament Colònia de Sant Jordi,1821M2,500573,4352686,2.1,TRUE,TRUE
MA0125,073,Renault Campos,1821M2,501826,4365234,27.0,FALSE,TRUE
MA0126,073,Can Fullana,1821M2,501469,4363464,21.5,TRUE,TRUE
MA0127,073,Sa Canova Nova,1821M2,501537,4357523,2.3,TRUE,TRUE
MA0128,073,Can Pons,1821M2,499699,4359419,6.5,TRUE,TRUE
MA0129,073,Son Perot Fiol - IGME 652,1809M2,481766,4391793,170.6,FALSE,TRUE
MA0130,073,Can Negret - IGME,1809M2,487173,4395901,142.9,FALSE,TRUE
MA0131,073,Son Serra - IGME,1813M1,467106,4382462,82.7,FALSE,TRUE
MA0132,073,La Vileta - IGME 114,1813M1,466734,4383056,93.4,FALSE,TRUE
MA0133,073,Sondeig exterior 1,1811M1,507521,4401946,1.5,FALSE,TRUE
MA0134,073,Sondeig exterior 2,1811M1,507521,4401954,1.5,FALSE,TRUE
MA0135,073,156,1811M3,483441,4391150,143.5,TRUE,TRUE
MA0142,073,160,1811M3,485547,4392590,143.2,FALSE,TRUE
MA0149,073,166,1811M3,488222,4394361,123.6,FALSE,TRUE
MA0156,073,176,1811M3,490511,4395136,116.5,FALSE,TRUE
MA0158,073,178,1811M3,490270,4395613,121.7,FALSE,TRUE
MA0160,073,S-20 p (petit),1820M1,517242,4357583,14.8,FALSE,TRUE
MA0176,073,INP-15,1811M3,489012,4392734,109.0,FALSE,TRUE
MA0180,073,182,1811M3,493652,4396246,95.1,FALSE,TRUE
MA0195,073,141 Miquel Rubí Jardiner,1814M3,481942,4387781,118.2,FALSE,TRUE
MA0196,073,142 Casa Aperos Sta. Maria,1814M3,482884,4388422,118.7,FALSE,TRUE
MA0197,073,143 Bloquets Aleix Oliver,1814M3,483557,4388775,121.2,FALSE,TRUE
MA0201,073,148 Reflexoterapia,1814M3,481634,4389829,138.4,FALSE,TRUE
MA0202,073,167 Sa Caseta Sta Maria,1814M3,483647,4389038,124.0,FALSE,TRUE
MA0203,073,120,1811M3,487595,4389973,113.6,FALSE,TRUE
MA0204,073,121 Consell,1811M3,485819,4389419,122.2,FALSE,TRUE
MA0213,073,183,1811M1,497861,4396566,48.4,FALSE,TRUE
MA0214,073,184,1811M1,497649,4396363,52.2,FALSE,TRUE
MA0215,073,41,1811M2,498240,4395679,62.6,FALSE,TRUE
MA0216,073,61,1811M1,496791,4395862,69.9,TRUE,TRUE
MA0217,073,62,1811M1,497008,4396752,64.5,FALSE,TRUE
MA0219,073,64,1811M1,498006,4396930,48.1,FALSE,TRUE
MA0220,073,66 Inca,1811M1,497790,4396420,51.1,FALSE,TRUE
MA0222,073,77,1811M2,497612,4392861,72.0,FALSE,TRUE
MA0224,073,79,1811M2,496686,4392134,77.2,TRUE,TRUE
MA0225,073,80,1811M2,497683,4390932,76.4,FALSE,TRUE
MA0228,073,83,1811M2,495445,4392063,69.0,FALSE,TRUE
MA0229,073,84,1811M2,495290,4391737,69.8,FALSE,TRUE
MA0230,073,85,1811M2,495750,4391468,71.5,FALSE,TRUE
MA0231,073,89,1811M2,494086,4390912,77.6,FALSE,TRUE
MA0239,073,107 Xalet Sencelles,1814M1,490236,4386496,106.3,FALSE,TRUE
MA0240,073,108,1811M2,491058,4388257,114.9,FALSE,TRUE
MA0245,073,113,1811M3,490803,4389891,100.3,TRUE,TRUE
MA0247,073,124 Ayreflor,1814M1,488785,4386382,122.7,FALSE,TRUE
MA0250,073,129,1811M3,486613,4385847,120.8,FALSE,TRUE
MA0255,073,132 Son Mateu,1814M1,485720,4384776,135.3,TRUE,TRUE
MA0256,073,133,1811M3,486940,4387200,115.9,TRUE,TRUE
MA0262,073,139 Can Xaca,1814M3,484526,4387137,125.2,FALSE,TRUE
MA0264,073,151,1811M3,484614,4387817,111.1,FALSE,TRUE
MA0267,073,101 Es Campàs,1811M2,492481,4387361,95.3,TRUE,FALSE
MA0268,073,102 S'Hort de Binifat,1811M2,493703,4387669,85.5,TRUE,TRUE
MA0269,073,103 Can Ric,1811M2,493811,4387605,87.3,TRUE,TRUE
MA0272,073,155 De vora Punt Verd,1814M1,494928,4389085,99.9,FALSE,TRUE
MA0274,073,87 Can Peu,1811M2,494176,4388948,94.8,TRUE,TRUE
MA0275,073,88,1811M2,493914,4390586,82.3,FALSE,TRUE
MA0276,073,97,1811M2,491833,4389287,101.4,TRUE,TRUE
MA0281,073,Can Mollá IGME,1812M2,454626,4381961,151.9,FALSE,TRUE
MA0282,073,INP-10,1811M3,487662,4387941,104.5,TRUE,TRUE
MA0283,073,INP-9,1811M3,489532,4389709,99.7,FALSE,TRUE
MA0284,073,SS-1,1811M3,488389,4387669,102.0,FALSE,TRUE
MA0285,073,SS-2,1811M3,489256,4388244,97.7,FALSE,TRUE
MA0286,073,SS-3,1811M3,488985,4388432,103.7,FALSE,TRUE
MA0287,073,SS-4,1811M3,489265,4387943,125.6,FALSE,TRUE
MA0288,073,SS-5,1811M3,488552,4387215,119.1,FALSE,TRUE
MA0289,073,ITGE-2,1811M2,505654,4401078,14.7,FALSE,TRUE
MA0290,073,INP-1,1811M2,499012,4393190,56.0,FALSE,TRUE
MA0291,073,P-27,1811M2,504029,4398100,45.9,FALSE,TRUE
MA0292,073,S-32,1811M2,500406,4392719,70.9,FALSE,TRUE
MA0293,073,S-35,1811M2,502791,4395747,53.7,FALSE,TRUE
MA0295,073,672-7-26 Ses Canyes,1817M6,532142,4393741,95.9,FALSE,TRUE
MA0296,073,672-7-27 T. Sa Farinera,1817M6,532694,4393193,84.1,TRUE,TRUE
MA0299,073,672-7-35,1817M4,528541,4392760,148.6,TRUE,TRUE
MA0300,073,672-7-36,1817M4,532324,4392882,90.6,TRUE,TRUE
MA0301,073,672-7-36 bis,1817M4,532293,4392991,88.9,FALSE,TRUE
MA0302,073,672-7-49,1817M4,528388,4393501,142.9,TRUE,TRUE
MA0304,073,672-7-60 bis,1817M4,528336,4393111,150.8,FALSE,TRUE
MA0305,073,Pedrera Artà,1817M4,528359,4393021,153.7,TRUE,TRUE
MA0306,073,672-8-26 Moli de Sa Farinera,1817M1,534138,4392850,65.3,FALSE,TRUE
MA0307,073,672-8-27,1817M1,534453,4391196,66.3,TRUE,TRUE
MA0308,073,700-2-19,1817M3,526327,4385727,96.4,FALSE,TRUE
MA0309,073,700-2-21,1817M3,525950,4384579,82.9,FALSE,TRUE
MA0310,073,700-2-48,1817M3,525487,4385775,97.3,FALSE,TRUE
MA0311,073,700-3-15,1817M2,531566,4390446,109.9,FALSE,TRUE
MA0313,073,700-3-23,1817M3,528054,4383678,129.8,FALSE,TRUE
MA0314,073,700-3-32,1817M1,533801,4390462,82.2,FALSE,TRUE
MA0315,073,700-3-44,1817M2,531731,4387156,51.0,FALSE,TRUE
MA0316,073,700-3-51,1817M3,528289,4385616,144.5,FALSE,TRUE
MA0317,073,700-3-52,1817M3,528314,4385670,141.8,FALSE,TRUE
MA0319,073,700-3-6,1817M3,527672,4385190,92.2,TRUE,TRUE
MA0321,073,700-3-golfpula,1817M1,533364,4389301,47.8,FALSE,TRUE
MA0322,073,700-2-S1,1817M3,525329,4383853,62.6,TRUE,TRUE
MA0323,073,700-3-78,1817M1,532745,4390763,100.5,FALSE,TRUE
MA0324,073,49,1811M2,501354,4395777,35.5,FALSE,TRUE
MA0326,073,51,1811M2,500863,4396388,40.7,FALSE,TRUE
MA0328,073,53,1811M2,501975,4397093,31.7,FALSE,TRUE
MA0329,073,67,1811M2,499648,4395796,63.8,FALSE,TRUE
MA0330,073,Son Ram,1811M1,500377,4397167,37.1,FALSE,TRUE
MA0331,073,68,1811M2,499478,4395085,81.1,FALSE,TRUE
MA0332,073,69,1811M2,500066,4394735,38.7,FALSE,TRUE
MA0333,073,70,1811M2,500439,4393484,58.5,FALSE,TRUE
MA0334,073,71,1811M2,500986,4392971,62.5,FALSE,TRUE
MA0335,073,M3,1811M1,503796,4400458,16.6,TRUE,TRUE
MA0340,073,M10,1811M1,507122,4402023,2.9,TRUE,TRUE
MA0341,073,M12,1811M1,508322,4402295,2.1,FALSE,TRUE
MA0342,073,M14,1811M1,505989,4401712,8.0,TRUE,TRUE
MA0343,073,M8,1811M1,506120,4403525,3.2,TRUE,TRUE
MA0344,073,M9,1811M1,506711,4402563,3.3,TRUE,TRUE
MA0345,073,M1,1811M2,504261,4399202,47.3,TRUE,TRUE
MA0346,073,M15,1811M2,504611,4399616,36.5,FALSE,TRUE
MA0347,073,700-1-1,1818M1,515944,4383608,84.3,TRUE,TRUE
MA0348,073,700-1-14,1818M1,514992,4385153,43.9,TRUE,TRUE
MA0349,073,700-1-19,1818M1,518314,4381718,93.6,TRUE,TRUE
MA0350,073,700-1-21,1818M1,519402,4384445,119.9,TRUE,TRUE
MA0351,073,700-1-57,1818M1,516820,4386039,110.0,TRUE,TRUE
MA0353,073,700-1-7,1818M1,515140,4385149,52.4,TRUE,TRUE
MA0354,073,700-1-A,1818M1,517052,4383468,77.8,TRUE,TRUE
MA0356,073,Vivero,1818M1,515089,4383541,50.1,TRUE,TRUE
MA0357,073,700-2-6,1818M2,521379,4384678,121.8,FALSE,TRUE
MA0359,073,CGTCC,1818M1,516996,4378624,90.3,TRUE,TRUE
MA0360,073,Son Pere Andreu,1818M1,515688,4381274,73.0,TRUE,TRUE
MA0361,073,Santa Cirga,1818M2,523400,4379452,59.3,TRUE,TRUE
MA0362,073,700-1-61,1818M1,516176,4384920,105.2,FALSE,TRUE
MA0363,073,700-1-63,1818M1,519496,4384850,125.2,TRUE,TRUE
MA0364,073,700-1-65,1818M1,517513,4383456,92.3,FALSE,TRUE
MA0365,073,700-1-8,1818M1,518796,4383909,115.0,TRUE,TRUE
MA0366,073,700-1-87,1818M1,516090,4382285,68.2,TRUE,TRUE
MA0367,073,700-5-104,1818M1,514862,4380414,62.4,FALSE,TRUE
MA0368,073,700-5-11,1818M5,516444,4378661,83.6,FALSE,TRUE
MA0369,073,700-5-120,1818M1,516173,4379449,75.1,FALSE,TRUE
MA0370,073,700-5-141,1818M4,514647,4378879,81.9,FALSE,TRUE
MA0371,073,700-5-76,1818M1,517000,4381156,73.7,TRUE,TRUE
MA0372,073,700-5-89,1818M1,519704,4381498,88.8,TRUE,TRUE
MA0373,073,Granja,1818M1,519999,4380760,96.5,FALSE,TRUE
MA0374,073,700-5-95,1818M1,518251,4381496,79.5,TRUE,TRUE
MA0375,073,700-3-13 Sa Torre Nova,1817M3,530296,4382944,53.9,TRUE,TRUE
MA0376,073,700-3-75 bis,1817M2,531744,4383564,31.4,TRUE,TRUE
MA0377,073,700-3-84,1817M2,532413,4384098,21.2,TRUE,TRUE
MA0378,073,724-8-28 Cantera,1820M1,512532,4358191,72.5,FALSE,TRUE
MA0379,073,724-8-37,1821M2,510408,4355953,46.1,FALSE,TRUE
MA0380,073,724-8-6,1821M2,510611,4355437,44.6,FALSE,TRUE
MA0382,073,725-1-19 (Vista hermosa),1819M1,518233,4367181,148.8,FALSE,TRUE
MA0383,073,725-1-49 (Can Xibec),1819M1,518919,4367047,108.9,TRUE,TRUE
MA0385,073,725-1-9 Son Prohenç,1819M1,515393,4371146,109.5,FALSE,TRUE
MA0386,073,Font Son Prohenç,1819M1,514931,4371367,103.2,TRUE,TRUE
MA0387,073,S¡nia Son Prohenç,1819M1,514558,4371024,101.9,FALSE,TRUE
MA0389,073,725-2-16 (Cas Verro),1820M2,521797,4366224,45.7,TRUE,TRUE
MA0390,073,725-2-6 (Restaurant),1819M1,521719,4370030,86.3,FALSE,TRUE
MA0391,073,725-2-9 testimonis,1820M2,522000,4369695,86.1,TRUE,TRUE
MA0392,073,725-2-9C (Martín Voge),1819M1,521263,4370188,116.1,FALSE,TRUE
MA0393,073,725-5-15 (torrent),1819M1,517362,4362576,109.2,TRUE,TRUE
MA0394,073,725-5-20 (cooperativa),1819M1,518279,4362078,90.4,FALSE,TRUE
MA0395,073,725-5-22,1820M1,517364,4359603,55.8,FALSE,TRUE
MA0396,073,725-5-29 (es Cavallot),1819M1,515429,4363117,135.7,TRUE,TRUE
MA0397,073,725-5-52 (Finca),1820M2,519048,4361035,59.1,FALSE,TRUE
MA0398,073,CD-1 Cala D'Or,1820M1,517299,4357621,9.8,TRUE,TRUE
MA0399,073,CD-2,1820M1,515115,4359388,70.9,FALSE,TRUE
MA0400,073,CD-5,1820M1,518554,4359311,37.1,TRUE,TRUE
MA0401,073,CD-6,1820M1,517986,4358974,39.1,TRUE,TRUE
MA0402,073,CD-7,1820M1,518543,4358754,18.5,TRUE,TRUE
MA0403,073,CD-8,1820M1,518839,4358244,11.6,TRUE,TRUE
MA0404,073,S'Amarador pou D,1820M1,515866,4355498,2.4,FALSE,TRUE
MA0405,073,Mondragó A Na Xot,1820M1,514824,4357970,55.5,FALSE,TRUE
MA0406,073,Mondragó B Forestals,1820M1,515945,4355866,25.1,TRUE,TRUE
MA0407,073,Mondragó C Simonet,1820M1,515736,4356442,2.5,FALSE,TRUE
MA0408,073,Far,1821M2,506537,4351358,63.5,TRUE,TRUE
MA0409,073,S-22 A,1820M1,511370,4354011,42.1,FALSE,TRUE
MA0410,073,S-22 B,1820M1,511370,4354011,42.1,FALSE,TRUE
MA0411,073,S-2 (Portocolom),1819M1,519220,4363651,96.1,FALSE,TRUE
MA0412,073,S-5 / Cas Verro,1820M2,521640,4366138,50.8,FALSE,TRUE
MA0413,073,S-19 (Calonge),1820M1,516293,4360313,61.4,FALSE,TRUE
MA0414,073,S-20 g gran (gruixat),1820M1,517242,4357583,14.8,FALSE,TRUE
MA0416,073,Cala Mondragó S-4,1820M1,516191,4355945,2.6,FALSE,TRUE
MA0417,073,Cala Mondragó S-1,1820M1,515950,4355525,2.1,FALSE,TRUE
MA0418,073,Cala Mondragó S-2,1820M1,515911,4355669,2.7,FALSE,TRUE
MA0419,073,Cala Mondragó S-3,1820M1,515808,4355750,2.1,FALSE,TRUE
MA0420,073,Cala Mondragó S-5,1820M1,516146,4356113,2.1,FALSE,TRUE
MA0421,073,S-4 (Portocolom),1820M2,521017,4362876,37.3,FALSE,TRUE
MA0422,073,S-1 / SSL-1,1819M1,518146,4367738,152.3,FALSE,TRUE
MA0423,073,S-3 Can Pic├│,1819M1,519110,4363313,90.8,FALSE,TRUE
MA0424,073,961 Camí des Racó,1814M4,469093,4385350,73.2,TRUE,TRUE
MA0425,073,986 Son Espases,1814M4,469305,4384779,69.7,TRUE,TRUE
MA0426,073,16 Son Moll Granja Escola,1814M3,471916,4383027,33.6,TRUE,TRUE
MA0427,073,193 Can Pedro Homar,1814M4,473065,4385452,53.9,TRUE,FALSE
MA0429,073,326 Ca s'Anglès,1814M3,475304,4383348,45.8,TRUE,TRUE
MA0430,073,348 Son Amora,1814M3,475479,4382286,35.7,TRUE,TRUE
MA0431,073,37 Son Hugo,1814M3,470918,4382928,39.2,TRUE,TRUE
MA0432,073,48 Son Nebot Pou antic,1814M4,473027,4386005,59.8,FALSE,TRUE
MA0433,073,65 Can Duran,1814M4,472982,4387089,71.2,TRUE,TRUE
MA0434,073,78 Son Pacs / Son Pax,1814M4,470086,4383986,52.7,TRUE,TRUE
MA0435,073,81 Son Ajaume Nou,1814M4,470275,4388355,89.0,TRUE,TRUE
MA0436,073,86 Can Pucho / Son Sardina,1814M4,470289,4385686,66.1,TRUE,TRUE
MA0437,073,87 Cas Jai / Universitat,1814M4,469989,4387198,83.9,TRUE,TRUE
MA0438,073,375 Can Xarpa,1814M3,477804,4382268,31.4,TRUE,TRUE
MA0439,073,442 Son Mir,1814M3,479292,4382396,43.1,TRUE,TRUE
MA0441,073,483 Laboratoris,1814M2,476331,4379774,8.7,TRUE,TRUE
MA0442,073,1271 Cas Senyoret,1814M2,480347,4376780,12.0,TRUE,TRUE
MA0443,073,1612 S'Hort de S'Ullal,1814M2,478808,4380455,2.7,TRUE,TRUE
MA0444,073,1617 Son Ferrer,1814M2,481480,4379313,12.4,TRUE,TRUE
MA0445,073,429 Sa Cadernera,1814M3,478118,4381347,18.9,TRUE,TRUE
MA0446,073,E-1 Rotonda Son Rapinya,1813M1,467222,4381767,83.5,FALSE,TRUE
MA0447,073,E-2 Rotonda de Son Serra,1814M3,467769,4382227,58.4,FALSE,TRUE
MA0448,073,E-3 Polígon Ca'n Valero,1814M3,468328,4382837,44.9,FALSE,TRUE
MA0449,073,E-4 Pla de Son Roca,1813M1,466920,4383649,89.1,FALSE,TRUE
MA0450,073,246 Son Conill,1814M3,474093,4382143,28.2,TRUE,TRUE
MA0451,073,268 S'Olivaret,1814M2,474745,4381676,25.6,TRUE,TRUE
MA0452,073,71 Cas Coronel,1814M3,475363,4384892,58.8,TRUE,TRUE
MA0453,073,30 bis Can Caragol Nou,1814M3,472411,4383826,40.8,TRUE,TRUE
MA0454,073,A-1 Vivers Ajuntament safareig,1814M4,471914,4385826,58.9,FALSE,TRUE
MA0455,073,A-1' Vivers Ajuntament,1814M4,471909,4385895,59.3,FALSE,TRUE
MA0456,073,A-2 Bimbo,1814M4,471478,4383491,39.3,FALSE,TRUE
MA0457,073,A-2' Maquinària Bibiloni,1814M4,471506,4383489,39.3,FALSE,TRUE
MA0458,073,A-3 Carreteres Passadís,1814M3,472569,4382445,28.1,FALSE,TRUE
MA0459,073,A-3' Carreteres Porxo,1814M3,472564,4382443,28.1,FALSE,TRUE
MA0460,073,A-4 Pinar Es Pinaret Camí,1814M3,473649,4382019,24.3,FALSE,TRUE
MA0461,073,A-4' Pinar Es Pinaret Garrover,1814M3,473674,4381973,24.4,FALSE,TRUE
MA0462,073,A-5' Son Llebre Fons,1814M3,474813,4382672,36.7,FALSE,TRUE
MA0464,073,B-10 Son Genova,1814M3,476707,4382925,42.0,FALSE,TRUE
MA0465,073,B-1' Son Pons enfora,1814M4,471369,4385747,58.3,FALSE,TRUE
MA0466,073,Cas Coronel S fi,1814M3,475351,4384885,58.8,FALSE,TRUE
MA0467,073,Cas Coronel S gruixat,1814M3,475351,4384885,58.8,TRUE,TRUE
MA0468,073,Cas Coronel S mig,1814M3,475351,4384885,58.8,FALSE,TRUE
MA0469,073,IGME-1 EMAYA Pont d'Inca,1814M3,473787,4383415,35.5,FALSE,TRUE
MA0470,073,IGME-2 EMAYA Pont d'Inca,1814M3,473790,4383413,35.5,FALSE,TRUE
MA0471,073,IGME-3 EMAYA Pont d'Inca,1814M3,473791,4383410,35.5,FALSE,TRUE
MA0472,073,S-25 Can Cadella,1814M3,475943,4384332,57.6,FALSE,TRUE
MA0473,073,S-3-39 Son Vivot,1808M1,475495,4390464,121.5,FALSE,TRUE
MA0474,073,S-39 fi / Son Falconer,1814M4,474842,4388407,92.5,FALSE,TRUE
MA0475,073,S-39 curt / Son Falconer,1814M4,474842,4388407,92.5,FALSE,TRUE
MA0476,073,S-41 Alcampo,1814M3,474573,4385272,55.5,FALSE,TRUE
MA0477,073,S-42 Alcampo,1814M3,474574,4385274,55.5,FALSE,TRUE
MA0478,073,434 Can Calixtro,1814M3,478119,4382250,35.3,TRUE,TRUE
MA0479,073,444 Es Barranc Nou,1814M3,479785,4382104,26.8,TRUE,TRUE
MA0480,073,926 Can Teula de Cas Germans,1814M3,480882,4382182,20.8,TRUE,TRUE
MA0481,073,B-11 Lledoner,1814M3,477467,4383435,51.5,FALSE,TRUE
MA0482,073,B-12 Son Verí (costa),1814M3,477696,4383787,58.5,FALSE,TRUE
MA0483,073,C-14 S'hortet de Son Silis,1814M3,478500,4381925,21.8,FALSE,TRUE
MA0484,073,S-29 Can Guidet (Pòrtol),1814M3,481217,4385367,147.2,FALSE,TRUE
MA0485,073,264 Can Janer,1814M2,474360,4381402,22.4,TRUE,TRUE
MA0486,073,343 Ca Na Parrona,1814M2,476204,4380250,12.2,TRUE,TRUE
MA0487,073,587 Son Gallard Vell,1814M2,474271,4379684,8.3,TRUE,TRUE
MA0488,073,636 Molí benzinera des Molinar,1814M2,472794,4378611,1.4,TRUE,TRUE
MA0489,073,659 Molí Son Juny,1814M2,473396,4379201,5.5,TRUE,TRUE
MA0490,073,B-5 EMAYA Es Rafal exterior,1814M2,471963,4381599,24.3,FALSE,TRUE
MA0491,073,B-5' EMAYA Es Rafal interior,1814M2,471963,4381603,24.3,FALSE,TRUE
MA0493,073,B-6' esbucaments Can Ribes,1814M2,472807,4380083,12.0,FALSE,TRUE
MA0494,073,C-10' Son Codony,1814M2,474254,4378947,8.1,FALSE,TRUE
MA0496,073,C-11' EMT,1814M2,475179,4379066,6.2,FALSE,TRUE
MA0497,073,C-13 Sa Tanca,1814M3,477531,4381334,13.8,FALSE,TRUE
MA0498,073,C-13' Son Coll Nou,1814M2,476622,4380475,12.1,FALSE,TRUE
MA0500,073,C-9 entrada Molí Son Juny,1814M2,473416,4379026,4.6,FALSE,TRUE
MA0501,073,C-9' entrada Molí Son Juny (Camí),1814M2,473421,4379036,4.6,FALSE,TRUE
MA0502,073,1369 Can Puig,1814M2,480384,4374927,27.2,TRUE,TRUE
MA0503,073,1396 Camí Cementiri Sant Jordi,1814M2,481529,4377988,21.0,TRUE,TRUE
MA0504,073,1554 Es Figueral,1814M2,480369,4380322,4.4,TRUE,TRUE
MA0505,073,1653 S'Hort des Badalluch,1814M3,480268,4381358,6.8,TRUE,TRUE
MA0506,073,395 Can Miquelines Nou,1814M2,477980,4380199,3.8,TRUE,TRUE
MA0508,073,872 Can Peladí,1814M2,478503,4379422,2.0,TRUE,TRUE
MA0509,073,932 S'hort des Colls de Puntiró,1814M3,482428,4381592,24.2,TRUE,TRUE
MA0510,073,C-16 Camí de Can Sipera Placeta,1814M2,479159,4380239,2.2,FALSE,TRUE
MA0511,073,C-16' Camí de Can Sipera,1814M2,479254,4380149,2.4,FALSE,TRUE
MA0512,073,C-17 Camí Can Remena fons,1814M2,479948,4380212,3.9,FALSE,TRUE
MA0513,073,S-15 bis,1811M1,501497,4404690,13.4,FALSE,TRUE
MA0513_1,073,C-17' Camí Can Remena entrada,1814M2,480005,4379870,4.0,FALSE,TRUE
MA0514,073,C-18' Es Rafal enfora,1814M2,480518,4380546,4.6,FALSE,TRUE
MA0515,073,C-18'' Es Rafal Molí,1814M2,480767,4380333,7.5,FALSE,TRUE
MA0516,073,C-19 Es Costé,1814M3,481429,4380806,13.8,FALSE,TRUE
MA0517,073,C-20 Es Caragol,1814M3,482118,4380824,16.8,FALSE,TRUE
MA0518,073,C-22 Benzinera Aranjassa Camí,1814M2,479034,4377589,2.2,FALSE,TRUE
MA0519,073,C-22' Benzinera Aranjassa torrent,1814M2,478990,4377688,2.0,FALSE,TRUE
MA0520,073,C-23 Son Canals entrada,1814M2,479435,4377414,1.3,FALSE,TRUE
MA0522,073,C-25' Son Xigala Camí,1814M2,480616,4377641,4.8,FALSE,TRUE
MA0523,073,D-5 Son Fangos,1814M2,477047,4376227,3.8,FALSE,TRUE
MA0524,073,D-5' Ses Fontanelles,1814M2,476960,4376149,0.8,FALSE,TRUE
MA0525,073,D-6 Siquia,1814M2,477828,4376040,0.8,FALSE,TRUE
MA0526,073,D-7 Son Sunyer Vell,1814M2,479233,4376018,9.5,FALSE,TRUE
MA0527,073,D-8 Parada Bus,1814M2,479679,4375861,7.9,FALSE,TRUE
MA0528,073,D-8' Parada Bus,1814M2,479630,4375886,7.1,FALSE,TRUE
MA0529,073,D-9 Can Puig / Son Pieras,1814M2,480441,4374794,30.5,FALSE,TRUE
MA0530,073,LLP-26 Davant Xorrigo,1814M2,483576,4380064,50.1,FALSE,TRUE
MA0531,073,LLP-27 fi (vermell),1814M3,478782,4381252,30.3,FALSE,TRUE
MA0532,073,LLP-27 curt (blau),1814M3,478782,4381252,30.3,FALSE,TRUE
MA0533,073,LLP-31 Camí des Caragol,1814M2,481968,4380574,18.0,FALSE,TRUE
MA0534,073,Sondatge Mines Sant Jordi,1814M2,480330,4378084,72.6,TRUE,TRUE
MA0535,073,S-35 fi (alt) Son Monjo,1814M1,482166,4374768,62.5,FALSE,TRUE
MA0536,073,S-35 curt (baix) Son Monjo,1814M1,482166,4374768,62.5,FALSE,TRUE
MA0537,073,LLP-30 Xorrigo Barreres,1814M1,486016,4382124,134.0,FALSE,TRUE
MA0538,073,LLP-24 Ctra. Vella Manacor abaix,1814M1,484323,4380154,86.0,FALSE,TRUE
MA0539,073,LLP-25 Ctra. Vella Manacor a dalt,1814M1,484457,4380221,95.5,FALSE,TRUE
MA0540,073,S-10 Son Garcia,1814M1,484614,4374856,146.6,FALSE,TRUE
MA0541,073,S-12 Barranc de Son Gual,1814M1,485721,4379323,110.9,FALSE,TRUE
MA0542,073,S-38 Camí Dret,1814M1,488805,4385188,122.4,FALSE,TRUE
MA0543,073,S'Estremera S-1 Ctra Vella Bunyola,1808M1,475461,4391939,157.1,FALSE,TRUE
MA0544,073,A-5 Son Llebre Entrada,1814M3,474800,4382668,36.8,FALSE,TRUE
MA0545,073,S-19 Pz EMAYA Pont d'Inca,1814M3,473664,4383442,35.2,FALSE,TRUE
MA0546,073,S-19 EMAYA Pont d'Inca,1814M3,473664,4383442,35.2,FALSE,TRUE
MA0548,073,B-7 Son Llàtzer,1814M2,474347,4380510,14.3,FALSE,TRUE
MA0549,073,C-12 Son Rotget,1814M2,475918,4379884,14.4,FALSE,TRUE
MA0550,073,C-18 Es Rafal llods,1814M2,480699,4380574,5.1,FALSE,TRUE
MA0551,073,C-23' Son Canals safareig,1814M2,479471,4377488,1.8,FALSE,TRUE
MA0552,073,C-25 Son Xigala fons,1814M2,480725,4377623,6.6,FALSE,TRUE
MA0553,073,LLP-29 Xorrigo Abeurador,1814M1,485205,4381879,132.0,FALSE,TRUE
MA0558,073,698-4-2 Devora barranc,1814M3,479966,4382843,61.5,FALSE,TRUE
MA0560,073,698-4-3 Fusteria Son Peladí,1814M3,480752,4382172,22.5,TRUE,TRUE
MA0562,073,698-4-6 S 'Hort d'es Voltor,1814M3,481008,4383382,97.5,FALSE,TRUE
MA0563,073,698-4-7 Ca Na Marta,1814M3,481111,4383540,94.0,FALSE,TRUE
MA0564,073,INP-14 Pòrtol,1814M3,481347,4386496,128.9,FALSE,TRUE
MA0565,073,INP-11 Sta Eugènia,1814M3,484404,4387558,114.9,FALSE,TRUE
MA0566,073,S'Hort d'En Saco,1811M1,510857,4400570,31.3,TRUE,TRUE
MA0567,073,Caseta Bosc,1816M1,511147,4392038,58.6,FALSE,TRUE
MA0568,073,Son Puig,1811M2,510982,4399612,36.3,TRUE,TRUE
MA0569,073,Ses Rotes Velles,1816M2,511911,4392788,54.0,FALSE,TRUE
MA0570,073,672-5-2,1816M2,518031,4394308,62.5,FALSE,TRUE
MA0571,073,A-7186,1816M2,518339,4394416,53.8,FALSE,TRUE
MA0572,073,A-7188,1816M2,517055,4394264,75.2,FALSE,TRUE
MA0574,073,S'Hort Nou,1816M2,518933,4395514,44.2,TRUE,TRUE
MA0575,073,Son Millaret,1816M2,519176,4394527,15.7,TRUE,TRUE
MA0576,073,Son Serra de Marina,1816M2,518757,4396456,40.0,TRUE,TRUE
MA0577,073,Can Oliver Petra,1815M4,509233,4386125,89.2,TRUE,TRUE
MA0578,073,Son Real,1816M2,515234,4398579,30.0,TRUE,TRUE
MA0579,073,Santa Eulària,1811M1,511292,4400577,27.9,TRUE,TRUE
MA0580,073,Mont Blanc,1816M1,509189,4391091,58.0,TRUE,FALSE
MA0581,073,S-29,1816M2,510254,4398031,65.9,FALSE,TRUE
MA0582,073,SM-3,1816M1,510502,4392400,58.3,FALSE,TRUE
MA0583,073,SM-4,1816M1,509237,4392328,67.6,FALSE,TRUE
MA0584,073,SM-5,1816M1,508556,4391382,68.4,FALSE,TRUE
MA0585,073,SM-6,1816M2,512010,4392033,61.2,FALSE,TRUE
MA0586,073,SM-7 gruixut,1816M2,511718,4392104,50.9,FALSE,TRUE
MA0587,073,SM-7 fi,1816M2,511718,4392104,50.9,FALSE,TRUE
MA0588,073,672-5-4,1816M2,517246,4394078,71.8,TRUE,TRUE
MA0589,073,Ses Cabanasses,1816M2,519753,4392668,91.5,TRUE,TRUE
MA0591,073,Ses Pastores,1816M2,519443,4394933,7.0,TRUE,TRUE
MA0592,073,S-6 Maria de la Salut,1816M2,513225,4391515,84.7,FALSE,TRUE
MA0593,073,SM-1,1816M2,519388,4394858,4.2,FALSE,TRUE
MA0594,073,SM-10,1816M2,517147,4397255,6.9,FALSE,TRUE
MA0595,073,SM-11,1816M2,514557,4393275,82.4,FALSE,TRUE
MA0596,073,SM-12,1816M2,514471,4399170,30.8,FALSE,TRUE
MA0597,073,SM-13,1816M2,515837,4391750,86.6,FALSE,TRUE
MA0598,073,SM-14,1816M2,516050,4394890,48.4,FALSE,TRUE
MA0599,073,SM-1C,1816M2,519384,4394859,4.1,FALSE,TRUE
MA0600,073,SM-8,1816M2,512762,4393580,67.4,FALSE,TRUE
MA0601,073,SM-15,1816M2,520722,4394615,74.8,FALSE,TRUE
MA0602,073,A-A2,1816M1,511535,4388750,81.3,FALSE,TRUE
MA0603,073,S-7 Maria de la Salut,1816M1,507770,4390005,72.2,FALSE,TRUE
MA0604,073,10,1815M4,513436,4390304,62.9,FALSE,TRUE
MA0605,073,700-1-200,1816M2,516794,4390512,25.7,TRUE,TRUE
MA0606,073,S-5 nou / S5b,1816M2,515752,4391500,89.6,FALSE,TRUE
MA0607,073,SM-9b,1816M2,517165,4393798,72.2,FALSE,TRUE
MA0608,073,SM-9 fi,1816M2,517158,4393859,72.4,FALSE,TRUE
MA0609,073,SM-9 gruixat,1816M2,517158,4393859,72.4,FALSE,TRUE
MA0610,073,Son Garreta,1811M5,498363,4404513,36.4,TRUE,TRUE
MA0611,073,So na Pacs,1811M1,497834,4404259,40.4,TRUE,TRUE
MA0612,073,121 Muro,1811M2,504703,4400448,16.1,TRUE,TRUE
MA0613,073,13,1811M1,500195,4402446,26.9,TRUE,TRUE
MA0614,073,15,1811M1,500649,4401605,32.2,TRUE,TRUE
MA0615,073,269,1811M1,505168,4402265,7.1,TRUE,TRUE
MA0616,073,271,1811M1,504614,4401753,8.7,TRUE,TRUE
MA0617,073,294,1811M1,505146,4403586,3.0,TRUE,TRUE
MA0618,073,318,1811M1,503357,4403813,7.5,TRUE,TRUE
MA0619,073,320,1811M1,504341,4404334,3.6,TRUE,TRUE
MA0621,073,334,1811M1,503420,4404752,5.8,TRUE,TRUE
MA0622,073,338,1811M1,504573,4405433,1.8,TRUE,TRUE
MA0623,073,43,1811M1,503838,4401300,13.6,TRUE,TRUE
MA0624,073,7,1811M1,501406,4402374,23.4,FALSE,TRUE
MA0625,073,82 Sa Pobla,1811M1,502300,4403499,13.1,TRUE,TRUE
MA0626,073,Son Ferragut 1,1811M1,500824,4404968,28.3,TRUE,TRUE
MA0627,073,Son Ferragut 2,1811M1,500859,4403895,19.0,TRUE,TRUE
MA0628,073,211,1811M2,506205,4401466,7.2,TRUE,TRUE
MA0629,073,216,1811M2,506151,4401025,24.2,TRUE,TRUE
MA0630,073,222,1811M2,507773,4401115,9.9,FALSE,TRUE
MA0631,073,M11 / 232,1811M1,508217,4401849,4.4,TRUE,TRUE
MA0632,073,265,1811M1,505977,4402487,4.0,TRUE,TRUE
MA0633,073,296,1811M1,505824,4404277,0.8,TRUE,TRUE
MA0634,073,348,1811M1,509157,4401238,3.0,FALSE,TRUE
MA0635,073,358,1811M1,510589,4401840,2.6,TRUE,TRUE
MA0636,073,M2 / 109,1811M1,503502,4399935,19.3,TRUE,TRUE
MA0637,073,114,1811M1,502505,4398603,24.2,FALSE,TRUE
MA0638,073,134 Muro,1811M2,503837,4398887,32.0,TRUE,TRUE
MA0640,073,171,1811M1,500348,4397690,37.7,TRUE,TRUE
MA0641,073,173,1811M1,500088,4397303,37.8,TRUE,TRUE
MA0642,073,199,1811M1,498815,4397478,46.7,TRUE,TRUE
MA0643,073,91,1811M1,501713,4399574,33.1,TRUE,TRUE
MA0644,073,S-13,1811M1,498148,4403830,39.1,FALSE,TRUE
MA0645,073,S-13a,1811M1,498127,4403801,39.8,FALSE,TRUE
MA0646,073,301,1811M1,504375,4403332,4.6,TRUE,TRUE
MA0648,073,336,1811M1,504030,4405158,3.7,TRUE,TRUE
MA0649,073,66 Sa Pobla,1811M1,503449,4402330,12.1,TRUE,TRUE
MA0650,073,8,1811M1,501167,4402701,22.1,TRUE,TRUE
MA0651,073,S-12,1811M1,498782,4402587,46.8,FALSE,TRUE
MA0654,073,S-16 bis,1811M1,502444,4403186,16.3,FALSE,TRUE
MA0655,073,S-18,1811M1,503788,4400863,13.7,FALSE,TRUE
MA0656,073,S-20,1811M1,505050,4404866,2.9,FALSE,TRUE
MA0657,073,S-30,1811M1,499107,4403748,30.1,FALSE,TRUE
MA0658,073,S-5,1811M2,505218,4400863,18.6,FALSE,TRUE
MA0659,073,203,1811M2,505464,4401074,12.6,TRUE,TRUE
MA0660,073,227,1811M1,508565,4401750,3.3,TRUE,TRUE
MA0661,073,267,1811M1,505803,4402558,5.6,TRUE,TRUE
MA0662,073,299,1811M1,505624,4404014,2.2,TRUE,TRUE
MA0663,073,A-1,1811M1,507855,4405078,2.2,FALSE,TRUE
MA0665,073,A-1.2,1811M1,507839,4405077,2.7,FALSE,TRUE
MA0666,073,A-1.3,1811M1,507831,4405076,2.1,FALSE,TRUE
MA0667,073,A-1.4,1811M1,507823,4405075,2.1,FALSE,TRUE
MA0668,073,A-2,1811M1,507464,4402524,2.8,FALSE,TRUE
MA0669,073,A-2.1,1811M1,507457,4402537,2.8,FALSE,TRUE
MA0670,073,A-3,1811M1,510192,4405499,1.8,FALSE,TRUE
MA0671,073,A-3.1,1811M1,510192,4405498,1.8,FALSE,TRUE
MA0672,073,A-3.2,1811M1,510193,4405497,1.8,FALSE,TRUE
MA0673,073,A-4,1811M1,508644,4403040,1.7,FALSE,TRUE
MA0674,073,A-4.1,1811M1,508641,4403039,1.5,FALSE,TRUE
MA0675,073,A-4.2,1811M1,508527,4402936,1.5,FALSE,TRUE
MA0676,073,A-5,1811M1,511144,4403138,1.6,FALSE,TRUE
MA0677,073,A-6 tb gr,1811M1,509727,4404420,0.5,FALSE,TRUE
MA0678,073,A-6 tb fi,1811M1,509727,4404420,1.2,FALSE,TRUE
MA0679,073,A-8,1811M1,508727,4406396,1.4,FALSE,TRUE
MA0680,073,A-9,1811M1,506653,4404267,4.8,FALSE,TRUE
MA0681,073,S-19 bis,1811M1,506036,4402422,5.0,FALSE,TRUE
MA0682,073,S-22,1811M1,505778,4406047,1.9,FALSE,TRUE
MA0683,073,S-23,1811M1,507589,4406645,4.0,FALSE,TRUE
MA0684,073,S-24,1811M1,508871,4407549,10.1,FALSE,TRUE
MA0685,073,S-31 profund,1811M1,509070,4405202,1.2,FALSE,TRUE
MA0686,073,S-31 superior,1811M1,509070,4405202,1.9,FALSE,TRUE
MA0687,073,INP-2,1811M2,497857,4394387,66.6,FALSE,TRUE
MA0688,073,INP-3,1811M3,496207,4394910,79.1,FALSE,TRUE
MA0689,073,INP-4,1811M2,496247,4392195,71.0,FALSE,TRUE
MA0690,073,INP-5,1811M3,494612,4393713,93.8,FALSE,TRUE
MA0691,073,INP-6,1811M2,497206,4390942,90.5,FALSE,TRUE
MA0692,073,INP-7,1811M3,491177,4392245,97.5,FALSE,TRUE
MA0693,073,S-6 IN/Ca,1811M2,496636,4393326,69.5,FALSE,TRUE
MA0694,073,S-9,1811M1,497524,4398592,66.3,FALSE,TRUE
MA0695,073,142,1811M1,502869,4398352,20.1,TRUE,FALSE
MA0696,073,159,1811M1,501935,4398298,27.8,TRUE,TRUE
MA0697,073,177,1811M1,498789,4396805,44.1,TRUE,TRUE
MA0698,073,S-1 Sa Cova de Sa Mora,1811M2,504335,4398085,55.3,FALSE,TRUE
MA0699,073,S-10,1811M1,498388,4397430,50.2,FALSE,TRUE
MA0700,073,S-2,1811M1,502875,4398329,20.5,FALSE,TRUE
MA0701,073,S-28,1811M2,499602,4393440,48.1,FALSE,TRUE
MA0702,073,S-3,1811M1,501955,4398610,28.5,FALSE,TRUE
MA0703,073,S-7 Llubí,1811M2,499689,4393313,50.2,FALSE,TRUE
MA0704,073,S-8,1811M2,499316,4396554,42.9,FALSE,TRUE
MA0705,073,S-26,1811M2,506690,4399405,44.0,FALSE,TRUE
MA0706,073,S-37,1811M3,492156,4390111,83.3,FALSE,TRUE
MA0707,073,S-14,1811M1,500749,4401481,33.1,FALSE,TRUE
MA0709,073,S-17,1811M1,503001,4402230,17.3,FALSE,TRUE
MA0710,073,S-17 bis,1811M1,502998,4402236,16.1,FALSE,TRUE
MA0711,073,S-19,1811M2,507430,4401717,3.5,FALSE,TRUE
MA0712,073,S-27,1811M2,504029,4398073,44.3,FALSE,TRUE
MA0713,073,Sondatge Golf Pollença,1805M2,503521,4411894,28.2,FALSE,TRUE
MA0714,073,Son Oliver Coa Negra,1808M1,479346,4394446,203.4,FALSE,TRUE
MA0715,073,S-1 Can Bajoca,1810M1,487900,4402757,268.5,FALSE,TRUE
MA0716,073,Maçanella blau / superior,1810M1,489192,4401533,205.5,FALSE,TRUE
MA0717,073,Maçanella vermell / profund,1810M1,489192,4401533,205.5,FALSE,TRUE
MA0718,073,Pou Binibona,1810M1,492861,4403308,160.3,FALSE,TRUE
MA0719,073,Sa Coma (Depòsit / Sondeig),1810M1,492221,4405300,178.5,TRUE,TRUE
MA0720,073,UF-15 Can Beneit,1810M1,493171,4404115,142.3,FALSE,TRUE
MA0722,073,UF-2 Aljub,1810M1,496744,4406072,79.2,FALSE,TRUE
MA0723,073,UF-3 B verd,1810M1,496773,4406040,76.4,FALSE,TRUE
MA0724,073,UF-3 A vermell,1810M1,496773,4406040,76.4,FALSE,TRUE
MA0725,073,UF-4 B profund,1810M1,496706,4406002,90.8,FALSE,TRUE
MA0726,073,UF-4 A superior,1810M1,496706,4406002,90.8,FALSE,TRUE
MA0727,073,UF-5bis,1810M1,497035,4405898,64.0,FALSE,TRUE
MA0728,073,UF-7 Biniatró,1810M1,496429,4407029,102.6,FALSE,TRUE
MA0730,073,UF-9bis,1810M1,496930,4405965,67.4,FALSE,TRUE
MA0734,073,UF-P-7 Coster alt esquerra,1810M1,496672,4405995,102.6,FALSE,TRUE
MA0735,073,UF-P-8 Coster alt centre,1810M1,496640,4406000,102.0,FALSE,TRUE
MA0736,073,UF-P-9 Coster alt dreta,1810M1,496634,4406103,103.5,FALSE,TRUE
MA0737,073,UF-P-12 Forn de calç,1810M1,496693,4406181,89.3,FALSE,TRUE
MA0738,073,Caselles,1805M2,499422,4408580,210.1,FALSE,TRUE
MA0739,073,UF-5 piezòmetre,1810M1,497045,4405892,63.7,FALSE,TRUE
MA0748,073,Son Ballester piezòmetre,1812M2,454627,4381784,143.9,FALSE,TRUE
MA0760,073,ITGE-3,1811M1,504582,4400745,13.8,FALSE,TRUE
MA0761,073,ITGE-4,1811M1,504430,4401229,13.1,FALSE,TRUE
MA0762,073,POU,1811M1,504425,4401227,12.4,FALSE,TRUE
MA0763,073,32,1811M2,504168,4397493,47.6,FALSE,TRUE
MA0764,073,34,1811M2,504696,4396711,70.1,FALSE,TRUE
MA0765,073,35,1811M2,503267,4397160,42.3,FALSE,TRUE
MA0766,073,36,1811M2,502875,4396291,44.6,FALSE,TRUE
MA0767,073,37,1811M2,502370,4395583,66.0,FALSE,TRUE
MA0768,073,38,1811M2,503330,4395387,60.3,FALSE,TRUE
MA0770,073,40,1811M2,502283,4394164,74.2,FALSE,TRUE
MA0772,073,45,1811M2,502424,4393649,101.2,FALSE,TRUE
MA0773,073,46,1811M2,501525,4392810,73.3,FALSE,TRUE
MA0774,073,ITGE-5,1811M2,503707,4396985,48.4,FALSE,TRUE
MA0792,073,700-7-9 La Parra,1820M3,528437,4378869,36.9,TRUE,TRUE
MA0795,073,725-2-1,1819M1,520314,4366228,91.1,TRUE,FALSE
MA0799,073,725-5-30,1819M1,518429,4362348,91.4,TRUE,FALSE
MA0803,073,Hort de Son Frau,1814M4,473055,4387742,25.0,TRUE,FALSE
MA0822,073,B-2 Son Sardina,1814M4,470350,4384947,60.1,FALSE,TRUE
MA0893,073,Verí,1811M1,500961,4400744,35.7,FALSE,TRUE
MA0906,073,UF-P-11 Taló,1810M1,496603,4406184,86.4,FALSE,TRUE
MA1014,073,Son Verí 2 / Sondatge,1814M1,480291,4371880,59.5,TRUE,FALSE
MA1084,073,Can Marrano / Ses Sitjoles,1821M1,496044,4362579,39.8,TRUE,FALSE
MA1085,073,Son Frau_95,1814M4,473597,4387878,78.3,FALSE,TRUE
MA1086,073,Sa Cova,1811M4,497137,4404765,46.7,FALSE,TRUE
MA1087,073,S-25 Salobrar de Campos,1821M2,501016,4355741,0.8,FALSE,TRUE
MA1090,073,CISE-3 Entrada Andratx,1801M1,450485,4379603,98.3,FALSE,TRUE
MA1091,073,Coll Andritxol (CAS 822),1801M1,450145,4379223,151.3,TRUE,FALSE
MA1099,073,Venta d'aigua (ARE_3124),1801M2,448061,4378830,13.6,FALSE,TRUE
MA1102,073,Pla des Murterar,1802M2,462579,4391683,257.9,TRUE,TRUE
MA1107,073,Font de la Vila,1802M2,459109,4392742,235.3,TRUE,FALSE
MA1115,073,S'Hort de Sa Coma 2,1802M3,468858,4396282,486.9,TRUE,TRUE
MA1118,073,Font des Molí,1802M3,469317,4399675,170.7,TRUE,FALSE
MA1119,073,Es Verger,1802M3,469777,4400080,152.8,TRUE,TRUE
MA1122,073,Son Massip,1803M3,488515,4407946,690.0,TRUE,TRUE
MA1123,073,Sa Font Cuberta,1803M3,490036,4407729,497.6,TRUE,FALSE
MA1134,073,Can Comes,1804M1,500584,4414976,60.2,TRUE,TRUE
MA1141,073,Gotmar 5,1804M2,505482,4417304,9.6,FALSE,TRUE
MA1143,073,Gotmar 6,1804M2,505434,4417198,9.6,TRUE,FALSE
MA1155,073,Can Mariano,1804M3,509360,4411268,3.8,TRUE,TRUE
MA1161,073,Es Guix,1805M1,490758,4407218,555.8,TRUE,TRUE
MA1162,073,Can Puig,1805M2,503079,4411371,39.3,TRUE,TRUE
MA1174,073,Cal Gall I,1811M4,502523,4408987,57.3,FALSE,TRUE
MA1175,073,Son Vila,1811M4,502514,4408749,56.7,TRUE,TRUE
MA1178,073,Font des Patró Lau,1806M1,478015,4401934,173.7,TRUE,FALSE
MA1183,073,Font de S'Alqueria,1806M2,478222,4403885,164.6,TRUE,FALSE
MA1184,073,Font de Sa Costera,1806M2,479102,4408813,8.7,TRUE,FALSE
MA1185,073,Font des Mul,1806M3,473946,4404368,5.0,TRUE,TRUE
MA1187,073,Ses Fontanelles 1,1806M4,475953,4402212,30.2,TRUE,TRUE
MA1195,073,Font de Na Pere,1814M4,470785,4389852,96.8,TRUE,FALSE
MA1200,073,Font de la Vila,1807M1,469374,4388514,86.7,TRUE,FALSE
MA1204,073,S'Estremera S-2,1808M1,475368,4391282,132.6,TRUE,TRUE
MA1205,073,S'Estremera S-3,1808M1,474920,4391650,145.5,TRUE,TRUE
MA1206,073,S'Estremera S-4,1808M1,474914,4391632,145.5,TRUE,TRUE
MA1207,073,S'Estremera S-5,1808M1,474908,4391639,145.5,TRUE,TRUE
MA1213,073,Es Puig 1 / S'Estorell 1,1809M1,488544,4396829,194.2,FALSE,TRUE
MA1214,073,Es Puig 2 / S'Estorell 2,1809M1,488361,4396848,195.1,TRUE,TRUE
MA1225,073,Borneta 1,1809M2,486755,4395184,156.6,TRUE,TRUE
MA1226,073,Can Negret 1,1809M2,487171,4395900,144.0,TRUE,TRUE
MA1227,073,Son Perot Fiol 1,1809M2,481818,4391814,169.7,FALSE,TRUE
MA1228,073,Son Perot Fiol 2,1809M2,481760,4391797,170.3,TRUE,TRUE
MA1230,073,Son Fuster 1 Alaró,1809M2,483734,4396714,215.8,TRUE,FALSE
MA1241,073,Font des Prat de Maçanella,1808M2,485506,4404390,759.6,TRUE,FALSE
MA1245,073,Sa Comuna V,1810M1,490820,4401694,186.9,TRUE,TRUE
MA1246,073,Sa Comuna II,1810M1,490812,4401764,194.0,FALSE,TRUE
MA1247,073,Sa Comuna VII,1810M1,490700,4401855,206.4,TRUE,TRUE
MA1248,073,Sa Comuna IV,1810M1,490696,4401875,208.1,TRUE,FALSE
MA1258,073,Sa Torre 1,1811M1,503704,4406626,28.5,TRUE,FALSE
MA1263,073,Molinars,1811M5,502658,4406119,10.1,TRUE,FALSE
MA1281,073,Sa Rota d'en Vell,1811M1,498775,4401152,72.6,TRUE,FALSE
MA1282,073,Escola Graduada 1,1811M1,501943,4402672,20.7,TRUE,FALSE
MA1284,073,Font Son Sant Joan,1811M2,507468,4401811,3.5,TRUE,TRUE
MA1285,073,Font Son Sant Joan - Sondatge,1811M2,507443,4401787,2.1,TRUE,FALSE
MA1286,073,Son Fiol 1,1811M3,496788,4394308,76.1,FALSE,TRUE
MA1287,073,Son Fiol 2,1811M3,496724,4394253,76.5,TRUE,TRUE
MA1288,073,Son Fiol 3,1811M3,496688,4394302,75.6,FALSE,TRUE
MA1290,073,Ses Lletreres (S-32),1811M2,500419,4392702,69.9,TRUE,FALSE
MA1293,073,Binifalet,1811M2,503165,4396070,46.4,TRUE,FALSE
MA1297,073,Sa Plaça / L'Església,1811M2,500379,4394566,73.4,TRUE,FALSE
MA1299,073,Cova de Sa Mora,1811M2,504237,4398145,50.7,TRUE,FALSE
MA1304,073,Es Cos / Camp Esportiu,1811M2,500060,4388203,119.2,TRUE,FALSE
MA1305,073,Son Company,1811M2,491061,4388267,114.9,TRUE,FALSE
MA1307,073,S'Era Vella,1811M2,491536,4388775,105.4,TRUE,FALSE
MA1309,073,S'Arrissal,1811M3,493278,4390999,91.8,TRUE,FALSE
MA1311,073,Son Saletes 1,1811M3,489063,4388936,99.2,TRUE,FALSE
MA1317,073,Es Tancats 1,1811M3,489270,4394171,117.2,TRUE,TRUE
MA1320,073,Es Tancats 3,1811M3,489205,4394433,118.7,FALSE,TRUE
MA1321,073,Es Bestiar 1,1811M3,492592,4397090,111.2,TRUE,FALSE
MA1324,073,Sa Cova 1,1811M4,498382,4404802,48.8,TRUE,TRUE
MA1325,073,Sa Cova 2,1811M4,498324,4404760,45.9,FALSE,TRUE
MA1326,073,Sa Cova 3,1811M5,498487,4404733,47.9,TRUE,FALSE
MA1331,073,Ca Na Mora 1,1811M5,501669,4406524,35.3,TRUE,FALSE
MA1332,073,Ca Na Mora 2,1811M5,501661,4406490,36.1,TRUE,FALSE
MA1336,073,Galatzó 1,1812M1,455475,4383132,136.2,TRUE,TRUE
MA1347,073,Sa Coma 2,1812M2,453811,4381483,159.7,TRUE,FALSE
MA1352,073,Son Ballester,1812M2,454626,4381782,143.7,TRUE,TRUE
MA1353,073,Can Mollà,1812M2,454626,4381963,152.0,TRUE,TRUE
MA1356,073,Son Jovera Gran,1812M2,454823,4381281,121.2,TRUE,FALSE
MA1359,073,Ses Algorfes 3,1812M2,456055,4380927,133.1,TRUE,FALSE
MA1361,073,Ses Algorfes 5,1812M2,455695,4380901,118.1,FALSE,TRUE
MA1368,073,Son Bru de Baix Puigpunyent,1807M2,459714,4386669,221.5,TRUE,TRUE
MA1373,073,Sa Vileta 1,1813M1,466417,4383209,103.9,TRUE,TRUE
MA1374,073,Sa Vileta 2,1813M1,466436,4383224,104.0,TRUE,TRUE
MA1375,073,La Vileta 3,1813M1,466731,4383074,95.2,TRUE,TRUE
MA1376,073,Son Roqueta 1,1813M1,466563,4383477,101.6,TRUE,TRUE
MA1377,073,Son Roqueta 2,1813M1,466569,4383478,101.6,TRUE,TRUE
MA1378,073,Son Serra 1,1813M1,467107,4382459,82.3,TRUE,TRUE
MA1379,073,Son Serra 3,1813M1,467045,4382478,81.7,TRUE,TRUE
MA1389,073,Son Veri 1 / Roses I / Pou obra,1814M1,480305,4371923,58.3,TRUE,TRUE
MA1391,073,Son Monjo 2,1814M1,482152,4374790,62.3,TRUE,TRUE
MA1395,073,Sa Comuna Lloret,1814M1,495663,4385324,118.1,TRUE,FALSE
MA1403,073,Verge de Montserrat,1814M2,471937,4381555,24.6,TRUE,FALSE
MA1405,073,Pou 3 EMAYA Pont d'Inca,1814M3,473694,4383360,35.9,FALSE,TRUE
MA1407,073,Pou 5 EMAYA Pont d'Inca,1814M3,473658,4383421,33.3,FALSE,TRUE
MA1412,073,Pou 10 EMAYA Pont d'Inca,1814M3,473798,4383390,35.5,TRUE,TRUE
MA1413,073,Pou 11 EMAYA Pont d'Inca,1814M3,473770,4383429,35.5,TRUE,TRUE
MA1414,073,Pou VI EMAYA Pont d'Inca,1814M3,473789,4383405,34.6,FALSE,TRUE
MA1415,073,Pou VII EMAYA Pont d'Inca,1814M3,473778,4383417,34.4,FALSE,TRUE
MA1418,073,S-A EMAYA Pont d'Inca,1814M3,473625,4383596,33.7,TRUE,TRUE
MA1420,073,S-B EMAYA Pont d'Inca,1814M3,473682,4383561,36.7,TRUE,TRUE
MA1422,073,S-C EMAYA Pont d'Inca,1814M3,473715,4383425,37.0,TRUE,TRUE
MA1425,073,S-II EMAYA Pont d'Inca,1814M3,473711,4383333,36.1,FALSE,TRUE
MA1429,073,S-VI EMAYA Pont d'Inca,1814M3,473788,4383405,35.5,FALSE,TRUE
MA1430,073,S-VII EMAYA Pont d'Inca,1814M3,473780,4383418,35.5,FALSE,TRUE
MA1435,073,Son Verí 3,1814M3,476996,4384921,74.6,TRUE,FALSE
MA1437,073,Son Verí 5,1814M3,477032,4384862,73.9,FALSE,TRUE
MA1438,073,P-1-1 Pont d'Inca Vell,1814M3,474022,4383118,35.8,TRUE,FALSE
MA1440,073,P-1-3 Nova Cabana,1814M3,472981,4384199,42.2,TRUE,FALSE
MA1445,073,P-1-7 Ses Cases Noves,1814M3,474239,4384706,48.5,TRUE,FALSE
MA1446,073,P-1-8 Cas Miot,1814M3,474476,4384234,47.7,TRUE,FALSE
MA1455,073,CAS-741 / Sa Cabanassa,1814M3,481044,4386765,134.6,FALSE,TRUE
MA1458,073,Es Molinets Santa Maria,1814M3,481883,4388457,119.8,TRUE,FALSE
MA1484,073,Clot de sa Grava Porreres,1815M1,500426,4372971,146.7,TRUE,TRUE
MA1485,073,Es pou del Rei Montuïri,1815M2,498430,4380218,135.9,TRUE,TRUE
MA1488,073,Son Micola 1 Algaida,1815M3,491119,4377616,222.4,TRUE,FALSE
MA1489,073,Son Pericàs Algaida,1815M3,490783,4377408,210.2,FALSE,TRUE
MA1495,073,Es Revellar Sant Joan,1815M4,503261,4383294,164.6,TRUE,TRUE
MA1497,073,Sa Creu Petra,1815M4,509621,4384392,114.1,TRUE,FALSE
MA1510,073,Sa Roqueta Maria Salut,1816M1,505398,4390108,141.7,TRUE,FALSE
MA1514,073,Es Calderitx Ariany,1816M1,510625,4389357,87.8,TRUE,FALSE
MA1517,073,Perelló 3,1816M2,513429,4395988,85.6,TRUE,FALSE
MA1522,073,Son Bauló 2,1816M2,513364,4400470,26.6,TRUE,FALSE
MA1523,073,Son Bauló 1,1816M2,513396,4400393,28.5,FALSE,TRUE
MA1527,073,Sa Teulada,1816M2,513206,4395224,87.0,FALSE,TRUE
MA1569,073,J. Sanceloni,1817M1,534490,4391848,58.6,TRUE,FALSE
MA1577,073,Ca'n Corona,1817M1,533286,4393289,89.6,TRUE,TRUE
MA1579,073,Sa Cloveta,1817M6,533219,4392787,87.0,TRUE,FALSE
MA1584,073,Son Jaumell,1817M1,537889,4395838,45.7,TRUE,TRUE
MA1589,073,Bernat Petit I,1817M2,530806,4387882,83.9,FALSE,TRUE
MA1591,073,Xisco Massanet,1817M2,530301,4387626,99.0,TRUE,TRUE
MA1592,073,Can Bernat Gros,1817M2,530916,4387873,71.5,TRUE,TRUE
MA1593,073,Son Comparet,1817M2,531039,4386991,66.7,TRUE,TRUE
MA1597,073,Can Barratxina (1),1817M2,530880,4387488,75.9,TRUE,TRUE
MA1599,073,Na Vaquera,1817M2,530877,4388278,87.8,TRUE,TRUE
MA1601,073,Son Sard (Piezòmetre),1817M2,531661,4388136,70.8,FALSE,TRUE
MA1602,073,Son Xerubí 2,1817M2,531372,4388211,76.8,TRUE,TRUE
MA1606,073,Son Xigala 2 / Son Pentinat 2,1817M2,531391,4388866,80.5,TRUE,TRUE
MA1607,073,Son Xigala 3 / Can Pasta,1817M2,531276,4388809,81.6,FALSE,TRUE
MA1610,073,Son Sard 2 (II),1817M2,532876,4387015,29.0,FALSE,TRUE
MA1613,073,Son Sard 6 (I),1817M2,532904,4387061,29.1,TRUE,TRUE
MA1614,073,Son Sard 5 (VI),1817M2,532873,4387031,29.1,FALSE,TRUE
MA1629,073,Camp Vell,1817M3,524404,4385174,85.6,TRUE,FALSE
MA1642,073,Sa Caseta 2,1817M3,527740,4382661,52.2,TRUE,FALSE
MA1653,073,Costa i Llobera,1817M4,530293,4393466,118.7,TRUE,FALSE
MA1658,073,Sa Jonquera,1817M5,525644,4398707,52.4,TRUE,TRUE
MA1660,073,S'Ametlerar 1,1817M4,522523,4393604,147.4,TRUE,TRUE
MA1665,073,Son Talent - garriga,1818M1,518734,4382111,115.7,TRUE,FALSE
MA1669,073,Ses Tapareres,1818M1,517087,4379424,79.1,TRUE,FALSE
MA1674,073,Son Crespí 1,1818M2,523598,4379299,58.8,TRUE,TRUE
MA1675,073,Son Crespí 4,1818M2,523058,4379357,59.0,TRUE,TRUE
MA1676,073,Son Crespí 5,1818M2,523296,4379296,57.1,FALSE,TRUE
MA1694,073,Ca Na Biela 2 / Dipòsit,1820M3,526034,4377231,52.8,TRUE,TRUE
MA1695,073,Son Tovell,1817M3,527777,4380865,90.9,TRUE,TRUE
MA1700,073,Son Ganxo,1818M3,523805,4374497,80.3,TRUE,TRUE
MA1702,073,Es Pollencí 4,1818M3,517771,4377682,131.5,TRUE,TRUE
MA1704,073,Son Cladera Can Puput,1818M5,517052,4374369,113.6,TRUE,TRUE
MA1706,073,Via Argentina 1,1819M1,513227,4369584,114.7,TRUE,FALSE
MA1709,073,Es Collet,1819M1,514566,4369087,141.7,TRUE,FALSE
MA1713,073,Sa Bassa des Coll 2,1819M1,517692,4368738,142.5,TRUE,FALSE
MA1729,073,Mamelles 1 (Edamsa 1),1819M1,518347,4364937,159.0,TRUE,TRUE
MA1731,073,Es Turó 1 (Edamsa 9),1819M1,518299,4363771,146.9,FALSE,TRUE
MA1732,073,Es Turó 2 (Edamsa 10),1819M1,518484,4363679,134.7,TRUE,TRUE
MA1734,073,Can Cirerol 2 (Edamsa 4),1819M1,519865,4364265,94.6,TRUE,TRUE
MA1737,073,Can Gaià 2 / Edamsa 7,1819M1,519689,4363761,88.4,TRUE,FALSE
MA1738,073,Can Gaià 3 / Edamsa 6,1819M1,519436,4363913,97.4,TRUE,TRUE
MA1739,073,Can Gaià 4 / Edamsa 5,1819M1,519454,4363925,97.3,TRUE,TRUE
MA1740,073,Roca Blanca (Edamsa 11),1819M1,518338,4363427,138.7,TRUE,FALSE
MA1741,073,Ses Cegues (Edamsa 12),1819M1,518407,4363021,119.3,TRUE,TRUE
MA1744,073,Marsella,1819M2,516063,4361817,109.0,TRUE,TRUE
MA1751,073,Sa Vinya,1819M1,516703,4361332,85.1,TRUE,TRUE
MA1756,073,Deià embotelladora,1802M3,469821,4400042,161.5,TRUE,TRUE
MA1757,073,Es Pouet (AS8399),1819M2,514381,4360499,116.5,TRUE,TRUE
MA1759,073,Can Rito 2,1819M2,515578,4361994,122.5,TRUE,FALSE
MA1765,073,Can Floquet 2,1819M2,514097,4361748,135.7,FALSE,TRUE
MA1770,073,Can Goiet,1819M2,512936,4359397,104.8,TRUE,TRUE
MA1773,073,Coves des Vicari 1,1820M1,511339,4356753,58.9,TRUE,FALSE
MA1784,073,S'Eriçó,1820M1,513386,4354179,39.4,TRUE,FALSE
MA1788,073,Sa Figuereta,1820M1,517813,4358788,39.5,TRUE,FALSE
MA1789,073,Marselleta 1,1820M2,519998,4360288,39.6,FALSE,TRUE
MA1790,073,Marselleta 2,1820M2,519918,4360508,42.3,TRUE,TRUE
MA1791,073,Marselleta 3,1820M2,519684,4360711,45.6,FALSE,TRUE
MA1796,073,Es Domingos,1820M2,523312,4368084,18.5,TRUE,TRUE
MA1803,073,Burguera 1 / Aulet 1,1821M1,484670,4368710,131.6,TRUE,TRUE
MA1804,073,Burguera 2 / Aulet 2,1821M1,484711,4368736,131.2,TRUE,TRUE
MA1814,073,Capocorb den Munar,1821M1,485686,4360394,70.9,TRUE,TRUE
MA1821,073,Son Garau,1821M2,505028,4367489,60.1,TRUE,FALSE
MA1822,073,Sa Tanca Barrera,1821M2,504147,4354718,48.9,TRUE,TRUE
MA1826,073,Son Rossell 1,1821M3,504375,4369625,92.4,TRUE,FALSE
MA1827,073,Son Rosselló 2,1821M3,505095,4369464,87.5,TRUE,FALSE
MA1828,073,Can Toni Puput,1818M4,514810,4378853,79.3,TRUE,FALSE
MA1833,073,700-3-3,1817M1,533797,4390457,81.9,TRUE,FALSE
MA1834,073,,1811M2,505395,4401016,14.2,TRUE,FALSE
MA1835,073,Son Rosselló 1,1821M3,504380,4369631,92.5,FALSE,TRUE
MA1836,073,Cas Terroner,1821M3,510709,4368763,92.0,TRUE,FALSE
MA1837,073,Son Oliver,1821M3,511614,4372172,78.8,TRUE,FALSE
MA1838,073,Son Solaret,1821M3,508653,4369373,73.5,TRUE,FALSE
MA1839,073,Son Fret - Can Fubiol,1819M1,511510,4370376,85.0,FALSE,TRUE
MA1840,073,Son Fosquet,1821M3,508738,4369961,75.5,TRUE,FALSE
MA1842,073,Son Colom (IGME),1819M1,511498,4368254,102.6,TRUE,FALSE
MA1843,073,Hort de'n Revullet,1821M2,500974,4355412,7.9,TRUE,TRUE
MA1847,073,Colonya,1805M1,500652,4411925,52.0,TRUE,FALSE
MA1848,073,Menut,1803M3,491340,4408967,573.4,FALSE,TRUE
MA1849,073,Son Ellobeta - bombeig,1801M3,445526,4381030,51.1,FALSE,TRUE
MA1850,073,Sa Font des Bosc,1801M4,447802,4382712,116.6,TRUE,FALSE
MA1851,073,Can Curt,1821M2,505456,4357782,62.2,TRUE,TRUE
MA1853,073,Agroturisme Can Estades,1812M3,456655,4378653,65.7,TRUE,TRUE
MA1854,073,Son Ellobeta - sondatge nivell,1801M3,445524,4381027,51.6,TRUE,FALSE
MA1855,073,Son Llebre - Molí,1812M3,457245,4371694,14.7,TRUE,FALSE
MA1856,073,Son Batle Nou Gènova,1813M2,464781,4378708,69.2,TRUE,TRUE
MA1857,073,Pedrera de Son Bugadelles,1813M2,458277,4375420,69.3,TRUE,TRUE
MA1858,073,Recàrrega Estremera,1808M1,475736,4390503,128.6,FALSE,TRUE
MA1859,073,Distribuïdor de Son Nebot,1814M4,473038,4385999,59.5,TRUE,FALSE
MA1860,073,Son Pericasses (ACA_258),1801M2,448018,4378976,24.0,TRUE,FALSE
MA1861,073,"Ajuntament Andratx, pàrking",1801M2,450562,4380835,89.6,FALSE,TRUE
MA1862,073,S-26,1821M2,501483,4356534,6.3,FALSE,TRUE
MA1863,073,S-27,1821M2,501475,4356520,6.1,FALSE,TRUE
MA1865,073,Son Llebre - sondatge 1,1812M3,457457,4371714,15.0,FALSE,TRUE
MA1868,073,Can Coc,1811M3,492558,4392869,91.5,TRUE,TRUE
MA1871,073,700-3-66bis,1817M3,527397,4384192,68.1,FALSE,TRUE
MA1898,073,UF-Irida / Colonización 1,1810M1,496665,4406123,84.8,FALSE,TRUE
MA1899,073,S-1 Sa Porrassa Limonium,1813M2,459296,4373328,3.0,FALSE,TRUE
MA1900,073,S-2 Sa Porrassa Pirates,1813M2,459360,4372900,3.6,FALSE,TRUE
MA1901,073,S-3 Sa Porrassa Karting,1813M2,459051,4373003,2.3,FALSE,TRUE
MA1903,073,S-5 Sa Porrassa Rotonda,1813M2,458713,4373567,3.5,FALSE,TRUE
MA1906,073,LLP-28 Xorrigo Corba,1814M2,484711,4381683,99.6,FALSE,TRUE
MA1907,073,S-16,1811M1,502511,4403042,16.4,FALSE,TRUE
MA1993,073,Montuïri dipòsit,1815M2,499480,4380552,184.4,FALSE,TRUE
MA2110,073,Pz Estremera (Pou 4),1808M1,475507,4390728,127.8,FALSE,TRUE
ME0002,074,1 Hipòdrom Ciutadella,1901M3,568484,4429347,33.6,TRUE,FALSE
ME0003,074,C40 Torre del Ram,1901M3,568792,4429291,40.7,FALSE,TRUE
ME0010,074,Sa Vinya,1901M3,569683,4428742,10.0,TRUE,FALSE
ME0020,074,C29 Port,1901M3,570547,4428344,13.8,FALSE,TRUE
ME0021,074,C30 Port,1901M3,570419,4428237,13.7,FALSE,TRUE
ME0022,074,C31 Port,1901M3,570258,4428184,14.0,FALSE,TRUE
ME0025,074,Tres Alqueries,1901M3,571304,4428751,20.4,FALSE,TRUE
ME0026,074,3 Bini Salord,1901M3,571301,4429467,24.5,TRUE,FALSE
ME0028,074,C7 Matadero,1901M3,573235,4428578,32.9,FALSE,TRUE
ME0029,074,C14 Son Salom,1901M3,570955,4430798,34.3,FALSE,TRUE
ME0030,074,14 Son Fe Vell,1901M3,572433,4430925,40.2,TRUE,FALSE
ME0031,074,C15 Son Bernardí,1901M3,572569,4432600,89.4,FALSE,TRUE
ME0032,074,C43 Son Anglado,1901M3,573089,4430587,30.6,FALSE,TRUE
ME0035,074,15 Son Morell de Baix,1901M3,575140,4431937,55.9,TRUE,FALSE
ME0037,074,18 Binigafull,1901M3,576245,4431415,51.6,TRUE,FALSE
ME0038,074,C35 Binigafull,1901M3,576432,4431182,64.8,FALSE,TRUE
ME0039,074,C44 Biniatram,1901M3,576298,4432240,71.2,FALSE,TRUE
ME0041,074,C39 Curniola,1901M3,576283,4433395,52.3,FALSE,TRUE
ME0042,074,17 Curniola,1901M3,576507,4433405,56.8,TRUE,FALSE
ME0044,074,16-2 Cala Morell 2,1901M3,575534,4433883,63.2,TRUE,TRUE
ME0048,074,13-2 Es Caragolí 2,1901M3,574643,4429370,48.5,TRUE,TRUE
ME0049,074,13-3 Es Caragolí 3,1901M3,574683,4429364,48.7,TRUE,TRUE
ME0050,074,C2 Es Caragolí,1901M3,574656,4429222,50.8,FALSE,TRUE
ME0051,074,13-4 Es Caragolí 4,1901M3,574690,4429207,50.5,TRUE,TRUE
ME0052,074,13-5 Es Caragolí 5,1901M3,574852,4429241,49.7,TRUE,TRUE
ME0053,074,C3 Es Caragolí,1901M3,574843,4429247,50.5,FALSE,TRUE
ME0054,074,13-6 Es Caragolí 6,1901M3,574994,4429300,48.4,TRUE,TRUE
ME0055,074,13-7 Es Caragolí 7,1901M3,575103,4429357,48.2,TRUE,TRUE
ME0057,074,13-8 Es Caragolí 8,1901M3,575138,4429516,48.3,TRUE,TRUE
ME0058,074,C13 Es Caragolí,1901M3,575132,4429516,48.4,FALSE,TRUE
ME0059,074,13-9 Es Caragolí 9,1901M3,575285,4429434,49.1,TRUE,TRUE
ME0060,074,19 Ses Arenetes,1901M3,576861,4429469,74.2,TRUE,FALSE
ME0063,074,C42 Arenes de dalt,1901M3,576868,4430023,80.1,FALSE,TRUE
ME0066,074,20 Son Planes,1901M3,578839,4430425,65.3,TRUE,FALSE
ME0067,074,C27 Son Planes,1901M3,579324,4430360,86.8,FALSE,TRUE
ME0069,074,4 Son Salom,1901M3,572418,4426895,19.6,TRUE,FALSE
ME0070,074,5 Son Maciá,1901M3,572744,4425996,20.6,TRUE,FALSE
ME0073,074,Son Carrió,1901M3,572738,4425227,20.9,FALSE,TRUE
ME0074,074,Son Ganxo 1,1901M3,572182,4424927,14.6,FALSE,TRUE
ME0075,074,Son Ganxo 2,1901M3,572745,4424199,16.7,FALSE,TRUE
ME0076,074,Son Ganxo 3,1901M3,572780,4424074,17.6,FALSE,TRUE
ME0077,074,Parella Vell,1901M3,572821,4423898,14.8,TRUE,TRUE
ME0078,074,C9 Parella Vell,1901M3,572556,4423878,17.4,FALSE,TRUE
ME0079,074,Son Blanc 1,1901M3,573253,4424598,19.6,FALSE,TRUE
ME0080,074,Son Blanc 2,1901M3,573108,4424588,19.3,FALSE,TRUE
ME0081,074,Sa Creu 1,1901M3,573221,4424423,22.0,FALSE,TRUE
ME0082,074,Sa Creu 2,1901M3,573188,4424522,19.9,FALSE,TRUE
ME0083,074,Na Mat 1 / Mato,1901M3,572908,4424410,20.8,FALSE,TRUE
ME0095,074,7 Binib,1901M3,573808,4423195,14.1,TRUE,FALSE
ME0098,074,6 Son Amarineta,1901M3,571800,4422728,17.2,TRUE,FALSE
ME0099,074,C48 Son Olivar Vell,1901M3,572200,4421839,10.6,FALSE,TRUE
ME0104,074,Son Olivar Nou 4,1901M3,571336,4420367,2.6,TRUE,FALSE
ME0117,074,8 Son Xoriguer Vell,1901M3,572303,4421016,8.4,TRUE,FALSE
ME0118,074,Son Xoriguer 1,1901M3,572767,4420827,8.2,TRUE,FALSE
ME0122,074,C16 Son Vell,1901M3,573879,4420505,9.4,FALSE,TRUE
ME0125,074,9 bis Son Ter Vell,1901M3,574869,4421277,9.1,TRUE,FALSE
ME0130,074,C18 San Juan de Missa,1901M3,575119,4424581,28.8,FALSE,TRUE
ME0131,074,11 Sant Joan Gran,1901M3,575587,4424845,28.3,TRUE,FALSE
ME0133,074,C34 Son Alzina,1901M3,575739,4422603,34.5,FALSE,TRUE
ME0135,074,10 Sa Marjal Vella,1901M3,577006,4421638,22.5,TRUE,FALSE
ME0136,074,C46 Cala Turqueta,1901M3,577596,4421664,28.4,FALSE,TRUE
ME0137,074,C45 Sa Marjaleta,1901M3,577418,4422470,29.1,FALSE,TRUE
ME0140,074,C41 Vinya Gran,1901M3,574984,4428610,49.4,FALSE,TRUE
ME0143,074,C36 Binigarba,1901M3,577187,4427593,95.2,FALSE,TRUE
ME0144,074,21 bis Torre Llafuda,1901M3,578833,4427129,114.8,TRUE,FALSE
ME0148,074,C47 Rafal Nou,1901M3,574207,4427776,46.1,FALSE,TRUE
ME0149,074,12 La Trinitat,1901M3,576106,4426639,60.8,TRUE,FALSE
ME0151,074,C28 Bella Ventura,1901M3,578573,4425320,92.3,FALSE,TRUE
ME0152,074,C37 Son Febrer,1901M3,580490,4425563,104.5,FALSE,TRUE
ME0155,074,22 Torralbet,1901M3,579875,4423017,63.9,TRUE,FALSE
ME0156,074,C24 Macarella,1901M3,580031,4421450,1.2,FALSE,TRUE
ME0157,074,C25 Macarella,1901M3,579960,4421738,1.3,FALSE,TRUE
ME0159,074,23 Font de Macarella,1901M3,580070,4421463,0.7,TRUE,FALSE
ME0160,074,Flor de Simi 1,1901M3,581785,4423657,84.4,FALSE,TRUE
ME0161,074,Flor de Simi 2,1901M3,581647,4423549,86.9,FALSE,TRUE
ME0162,074,Flor de Simi 3,1901M3,581564,4423451,85.3,FALSE,TRUE
ME0163,074,C8 Son Mestres,1901M3,582213,4422564,4.4,FALSE,TRUE
ME0167,074,C19 Cala Galdana,1901M2,582142,4422071,1.6,FALSE,TRUE
ME0168,074,C20 Cala Galdana,1901M3,582146,4422198,1.5,FALSE,TRUE
ME0170,074,C23 Cala Galdana,1901M3,582244,4421637,1.4,FALSE,TRUE
ME0171,074,C22 Cala Galdana,1901M3,582019,4421522,1.6,FALSE,TRUE
ME0172,074,25 Font dels Eucaliptos,1901M2,582340,4422026,4.2,TRUE,TRUE
ME0173,074,Serpentona (Pou Dipòsit),1901M3,581893,4421906,48.9,FALSE,TRUE
ME0174,074,24 Font de s'Alber Vell,1901M2,583002,4426303,57.4,TRUE,FALSE
ME0175,074,F10 Sobre Vell,1901M2,582601,4425983,22.1,FALSE,TRUE
ME0176,074,F2 Son Telm,1901M2,585689,4425557,118.6,FALSE,TRUE
ME0178,074,Biniatrum 1,1901M2,585581,4425309,118.6,TRUE,TRUE
ME0179,074,Biniatrum 2,1901M2,585554,4425212,119.1,TRUE,TRUE
ME0180,074,28 Calafi Nou,1901M2,585486,4424884,116.3,TRUE,TRUE
ME0181,074,F1 Calafi nou,1901M2,585494,4424817,116.9,FALSE,TRUE
ME0186,074,27 bis Binisaid,1901M2,584264,4422934,80.8,TRUE,FALSE
ME0187,074,26 Font des Calafat,1901M2,584740,4421280,2.2,TRUE,TRUE
ME0188,074,MI12 Trebalúger,1901M2,585071,4421236,1.9,FALSE,TRUE
ME0189,074,MI13 Trebalúger,1901M2,584762,4421162,1.9,FALSE,TRUE
ME0190,074,MI14 Trebalúger,1901M2,584827,4420903,1.4,FALSE,TRUE
ME0192,074,MI15 Albranca,1901M2,587556,4422815,110.7,FALSE,TRUE
ME0194,074,MI2 Ajuntament,1901M2,589274,4422426,84.3,FALSE,TRUE
ME0196,074,MI1 Federico Moll,1901M2,589826,4423080,104.2,FALSE,TRUE
ME0197,074,MI9 Son Xua,1901M2,589826,4423151,105.2,FALSE,TRUE
ME0198,074,Son Xua 3,1901M2,589825,4423157,105.3,FALSE,TRUE
ME0199,074,Son Xua 1,1901M2,589884,4423231,105.3,TRUE,TRUE
ME0200,074,MI10 Son Xua,1901M2,589940,4423241,113.4,FALSE,TRUE
ME0202,074,MI11 Son Xua,1901M2,589916,4423155,114.3,FALSE,TRUE
ME0203,074,Son Xua 2 Es Revolt,1901M2,589844,4423318,106.2,TRUE,TRUE
ME0205,074,Son Xua 4 Es Pujolet,1901M2,589707,4423332,106.1,FALSE,TRUE
ME0208,074,Fonts Rodones,1901M2,590362,4423451,101.0,FALSE,TRUE
ME0209,074,MI5 Font Rodones,1901M2,590483,4423860,108.2,FALSE,TRUE
ME0216,074,32 Santa Mònica,1901M2,589967,4420930,115.8,TRUE,FALSE
ME0218,074,Sant Tomas 1,1901M2,589280,4419583,72.3,TRUE,FALSE
ME0219,074,65 Sant Tomás 3,1901M2,589432,4419640,65.7,TRUE,TRUE
ME0220,074,Sant Tomas 4,1901M2,589430,4419769,67.1,FALSE,TRUE
ME0221,074,Sant Tomas 5,1901M2,589486,4419826,70.2,FALSE,TRUE
ME0225,074,MI7bis Sant Tomís,1901M2,589083,4419040,24.2,FALSE,TRUE
ME0230,074,"41-1 Es Plans, Alaior 1",1901M2,595484,4421596,67.7,TRUE,TRUE
ME0231,074,"41-2 Es Plans, Alaior 2",1901M2,595495,4421606,69.2,TRUE,TRUE
ME0232,074,"41-3 Es Plans, Alaior 3",1901M2,595558,4421605,69.4,TRUE,TRUE
ME0233,074,"41-4 Es Plans, Alaior 4",1901M2,595403,4421683,75.8,TRUE,TRUE
ME0234,074,A18 Depuradora,1901M2,596692,4420271,73.8,FALSE,TRUE
ME0235,074,A4 La Trotxa,1902M1,598086,4420548,120.0,FALSE,TRUE
ME0236,074,La Trotxa,1902M1,598072,4420546,119.9,FALSE,TRUE
ME0237,074,42 Sant Esbert,1901M2,598476,4419822,104.2,TRUE,FALSE
ME0238,074,A26 Torralba den Salort,1901M1,599630,4418757,112.9,FALSE,TRUE
ME0240,074,44 Torralba den Salort,1901M1,599833,4418577,105.5,TRUE,FALSE
ME0244,074,A34 Son Serení,1901M2,594317,4420038,125.2,FALSE,TRUE
ME0245,074,Torre Soli Nou 5,1901M2,592288,4419006,99.0,FALSE,TRUE
ME0246,074,Torre Soli Nou 2,1901M2,592335,4418441,99.2,FALSE,TRUE
ME0247,074,Torre Soli Nou 3,1901M2,591942,4418646,80.3,FALSE,TRUE
ME0248,074,35 Urb. Torre Soli,1901M2,591946,4417964,76.6,TRUE,FALSE
ME0250,074,A23 Ses Canessies,1901M2,591133,4418547,2.7,FALSE,TRUE
ME0251,074,33 Font de Torre Soli,1901M2,591203,4418456,5.1,TRUE,TRUE
ME0252,074,A8 Torre Soli,1901M2,591090,4418332,3.4,FALSE,TRUE
ME0253,074,A24 Ses Canessies,1901M2,590913,4418395,1.7,FALSE,TRUE
ME0254,074,A25 Son Benet,1901M2,590463,4418230,1.2,FALSE,TRUE
ME0255,074,A17 Platja de Son Bou,1901M2,590243,4418117,1.4,FALSE,TRUE
ME0256,074,A16 Platja de Son Bou,1901M2,590460,4418075,1.6,FALSE,TRUE
ME0257,074,A15 Platja de Son Bou,1901M2,590775,4417860,1.6,FALSE,TRUE
ME0259,074,A14 Platja de Son Bou,1901M2,591109,4417710,1.5,FALSE,TRUE
ME0260,074,A13 Platja de Son Bou,1901M2,591209,4417510,1.6,FALSE,TRUE
ME0261,074,A12 Platja de Son Bou,1901M2,591343,4417418,1.7,FALSE,TRUE
ME0262,074,A10 Platja de Son Bou,1901M2,591753,4417295,1.6,FALSE,TRUE
ME0263,074,A11 Platja de Son Bou,1901M2,591753,4417295,1.6,FALSE,TRUE
ME0266,074,34-1 Son Bou,1901M2,592200,4417161,13.5,TRUE,TRUE
ME0267,074,34-2 Son Bou,1901M2,592342,4417010,24.1,TRUE,TRUE
ME0272,074,43 Llucassaldent Gran,1901M2,595226,4419338,132.5,TRUE,FALSE
ME0273,074,A27 Torre d'en Gaumes,1901M2,595498,4417669,110.1,FALSE,TRUE
ME0277,074,A22 Hort Timoner,1901M2,596086,4415710,5.6,FALSE,TRUE
ME0278,074,A21 Hort Rossell,1901M1,596359,4414892,0.9,FALSE,TRUE
ME0280,074,A6 Cala'n Porter,1901M1,596919,4415127,62.8,FALSE,TRUE
ME0281,074,46-3 Cala en Porter 3,1901M1,596918,4415127,62.9,TRUE,TRUE
ME0282,074,46-2 Cala en Porter 2,1901M1,597202,4415162,75.1,TRUE,TRUE
ME0283,074,46-1 Cala en Porter 1,1901M1,597225,4415159,75.2,TRUE,TRUE
ME0284,074,46-4 Cala en Porter 4,1901M1,597234,4413938,55.7,TRUE,TRUE
ME0286,074,A20 Cala en Porter,1901M1,596750,4414198,1.3,FALSE,TRUE
ME0287,074,A7 Son Dominget,1901M1,598393,4415296,72.2,FALSE,TRUE
ME0298,074,40 La Sirenita,1902M1,597066,4423365,140.8,TRUE,FALSE
ME0299,074,A29 Sant Tomís,1902M1,596927,4423135,144.5,FALSE,TRUE
ME0301,074,A32 Santa Bàrbara,1902M1,600282,4423227,73.5,FALSE,TRUE
ME0304,074,A31 Bella Ventura,1902M1,600039,4421012,134.5,FALSE,TRUE
ME0307,074,47 Sta. Rosa de Lima,1902M1,601495,4419848,137.3,TRUE,FALSE
ME0308,074,A33 Santa Rosa de Llima,1902M1,601652,4419511,132.6,FALSE,TRUE
ME0311,074,A30 Binimasoc,,602072,4425324,83.2,FALSE,TRUE
ME0313,074,30 Binimel.là Nou,,589518,4433067,5.9,TRUE,FALSE
ME0315,074,36 Binidonuiret,,593385,4432359,2.7,TRUE,FALSE
ME0316,074,Platges de Fornells 2,1903M2,594002,4432320,2.6,TRUE,TRUE
ME0319,074,Platges de Fornells 1,1903M2,593931,4432429,1.6,TRUE,TRUE
ME0322,074,ME6 Son Parc,1903M1,598906,4431717,3.7,FALSE,TRUE
ME0324,074,Xalet,1903M1,601240,4430310,64.8,FALSE,TRUE
ME0325,074,Addaia 1,1903M1,601921,4428585,50.8,TRUE,TRUE
ME0326,074,Addaia 2,1903M1,601954,4428700,44.3,FALSE,TRUE
ME0327,074,Addaia 3,1903M1,601950,4428704,44.5,FALSE,TRUE
ME0328,074,Binifabini 1,1902M1,600090,4426867,95.5,FALSE,TRUE
ME0329,074,Binifabini 2,1902M1,600218,4426961,93.7,FALSE,TRUE
ME0330,074,Punta Grossa 1,1902M1,600559,4428222,49.5,FALSE,TRUE
ME0331,074,ME2 Es Molinet,1902M1,601357,4428229,63.2,FALSE,TRUE
ME0332,074,Punta Grossa 2,1902M1,601364,4428250,64.2,FALSE,TRUE
ME0334,074,Punta Grossa 3,1902M1,600592,4427316,94.7,FALSE,TRUE
ME0335,074,ME28 Binifabini,1902M1,600808,4427176,92.8,FALSE,TRUE
ME0337,074,Castellosa,1902M1,599447,4428374,91.9,TRUE,TRUE
ME0340,074,Son Parc 1 (Llucatx 1),1902M1,598492,4428961,95.4,FALSE,TRUE
ME0341,074,Son Parc 2 (Llucatx 2),1902M1,598462,4428818,97.6,FALSE,TRUE
ME0342,074,38 Llucatx,1902M1,597968,4428754,103.9,TRUE,FALSE
ME0343,074,Sa Roca 2 / 39-2,1902M1,596976,4426718,153.8,FALSE,TRUE
ME0344,074,Sa Roca 3 / 39-3,1902M1,597810,4427211,148.8,TRUE,TRUE
ME0345,074,Sa Roca 1,1902M1,597425,4426670,145.0,FALSE,TRUE
ME0346,074,Sa Roca 4,1902M1,597655,4426929,147.1,FALSE,TRUE
ME0347,074,ME3 Sa Roca,1902M1,596986,4426733,153.9,FALSE,TRUE
ME0348,074,ME9 Sa Roca,1902M1,597600,4426534,133.5,FALSE,TRUE
ME0349,074,ME8 Sa Roca,1902M1,598023,4427036,135.7,FALSE,TRUE
ME0350,074,ME1 L' Enzell,1902M1,595719,4427120,106.5,FALSE,TRUE
ME0354,074,MA9 Platja d'es Grau,,608157,4422830,0.7,FALSE,TRUE
ME0357,074,MA12 Albufera d'es Grau,,608020,4422592,0.3,FALSE,TRUE
ME0358,074,MA13 Albufera d'es Grau,,607965,4422714,0.7,FALSE,TRUE
ME0359,074,MA14 Albufera d'es Grau,,607911,4422861,1.1,FALSE,TRUE
ME0360,074,MA21 Es Patrons,1901M1,603698,4418797,69.5,FALSE,TRUE
ME0363,074,MA18 Monple,1901M1,601634,4416578,117.5,FALSE,TRUE
ME0364,074,Montple / 48,1901M1,601626,4416728,126.7,TRUE,FALSE
ME0366,074,MA3 Militars,1901M1,605012,4416228,78.1,FALSE,TRUE
ME0367,074,MA2 Militars,1901M1,605091,4416251,77.1,FALSE,TRUE
ME0371,074,Poligon POIMA 2,1901M1,606172,4415896,67.5,TRUE,FALSE
ME0372,074,Polígon POIMA 1,1901M1,606204,4415898,67.8,FALSE,TRUE
ME0374,074,Turó 4,1901M1,605017,4415800,94.3,FALSE,TRUE
ME0375,074,Turó 3,1901M1,605023,4415658,94.2,FALSE,TRUE
ME0376,074,Turó 1,1901M1,604927,4415587,93.6,TRUE,TRUE
ME0377,074,Turó 2,1901M1,604942,4415680,97.2,TRUE,TRUE
ME0378,074,MA6 Turó Amagat,1901M1,604902,4415556,93.6,FALSE,TRUE
ME0379,074,MA4 Turó Amagat,1901M1,604954,4415678,96.9,FALSE,TRUE
ME0381,074,MA8 Turó,1901M1,604543,4415548,95.4,FALSE,TRUE
ME0384,074,Llucmaçanes 6,1901M1,606407,4414679,70.6,FALSE,TRUE
ME0385,074,Llucmaçanes 5,1901M1,606446,4414551,69.3,FALSE,TRUE
ME0386,074,Llucmaçanes 3,1901M1,606500,4414424,66.6,TRUE,TRUE
ME0387,074,Llucmaçanes 1,1901M1,606087,4414273,66.3,FALSE,TRUE
ME0388,074,Llucmaçanes 2,1901M1,606346,4414054,61.9,FALSE,TRUE
ME0389,074,Llucmaçanes 4,1901M1,606026,4414288,67.2,FALSE,TRUE
ME0393,074,Malbúger 3,1901M1,607178,4415252,62.8,FALSE,TRUE
ME0394,074,Malbúger 5,1901M1,607173,4415069,62.7,FALSE,TRUE
ME0395,074,Malbúger 6,1901M1,607172,4414946,63.5,FALSE,TRUE
ME0396,074,Malbúger 8,1901M1,607414,4414915,62.1,TRUE,TRUE
ME0397,074,MA16 Malbúger,1901M1,607468,4414959,61.3,FALSE,TRUE
ME0398,074,Malbúger 4,1901M1,607455,4414806,61.8,FALSE,TRUE
ME0399,074,Malbúger 2,1901M1,607437,4414436,62.7,FALSE,TRUE
ME0400,074,Malbúger 7,1901M1,607375,4414303,63.9,FALSE,TRUE
ME0401,074,MA1 Malbúger,1901M1,607357,4414263,64.0,FALSE,TRUE
ME0402,074,Malbúger 1,1901M1,607366,4414230,63.8,FALSE,TRUE
ME0403,074,Bintaufa,1901M1,607945,4413844,60.1,FALSE,TRUE
ME0406,074,52 Aeroport,1901M1,604819,4413729,84.8,TRUE,FALSE
ME0408,074,Sant Climent,1901M1,603437,4414085,90.5,FALSE,TRUE
ME0410,074,MA20 EDAR Sant Climent,1901M1,602591,4414399,81.4,FALSE,TRUE
ME0412,074,Binixica 2 nou,1901M1,601486,4414287,66.7,TRUE,FALSE
ME0413,074,Es Canutells 1,1901M1,600465,4412070,44.2,TRUE,FALSE
ME0417,074,MA19 Bini Calaf,1901M1,600056,4414046,73.3,FALSE,TRUE
ME0421,074,Binidalí 1 Nord,1901M1,602199,4410574,38.6,TRUE,FALSE
ME0422,074,Binidalí 2 Sud,1901M1,602443,4410449,42.0,TRUE,FALSE
ME0424,074,61 Torre Nova,1901M1,610521,4413956,38.7,TRUE,FALSE
ME0425,074,CA2 Torre nova,1901M1,610543,4413865,37.5,FALSE,TRUE
ME0427,074,CA1 Trepucó,1901M1,608937,4414558,49.5,FALSE,TRUE
ME0428,074,Trepucó 1,1901M1,609645,4414971,33.2,FALSE,TRUE
ME0429,074,Trepucó 2,1901M1,608931,4414561,49.1,TRUE,TRUE
ME0430,074,Trepucó 3,1901M1,608596,4414472,55.3,FALSE,TRUE
ME0431,074,CA3 Toraixa nou,1901M1,609553,4412794,44.6,FALSE,TRUE
ME0432,074,CA4 Binissaida de sa Creu,1901M1,610807,4412367,41.3,FALSE,TRUE
ME0435,074,Escoles 2,1901M1,610045,4414732,28.9,FALSE,TRUE
ME0436,074,Escoles 3,1901M1,610031,4414716,28.0,FALSE,TRUE
ME0437,074,Horizonte 1,1901M1,609307,4415108,42.4,FALSE,TRUE
ME0438,074,Horizonte 2,1901M1,609299,4415127,43.2,FALSE,TRUE
ME0439,074,Sol del Este 1,1901M1,610901,4414426,20.0,FALSE,TRUE
ME0440,074,Trebalúger 1,1901M1,609203,4412226,50.6,FALSE,TRUE
ME0441,074,Trebalúger 2,1901M1,609298,4412289,48.9,FALSE,TRUE
ME0455,074,L10 Biniparraitx,1901M1,603575,4411465,57.2,FALSE,TRUE
ME0456,074,L5 Depuradora,1901M1,608444,4411316,40.3,FALSE,TRUE
ME0461,074,L8 Villa Lluïssa,1901M1,609768,4410595,43.2,FALSE,TRUE
ME0462,074,L11 Sant Domingo,1901M1,609223,4408685,60.2,FALSE,TRUE
ME0463,074,L7 Binibèquer,1901M1,605384,4409007,21.5,FALSE,TRUE
ME0464,074,L9 Binibèquer,1901M1,607101,4408279,33.6,FALSE,TRUE
ME0465,074,Es Figueral,1901M1,607141,4411379,57.2,FALSE,TRUE
ME0466,074,Alcaufar Nord,1901M1,609863,4410290,48.5,FALSE,TRUE
ME0467,074,Alcaufar Sud,1901M1,609907,4410296,47.6,TRUE,TRUE
ME0468,074,Curva,1901M1,610222,4410490,43.4,FALSE,TRUE
ME0469,074,Algar 1,1901M1,609943,4410701,40.6,TRUE,TRUE
ME0470,074,Algar 2,1901M1,609705,4410854,42.1,TRUE,TRUE
ME0471,074,Algar 3,1901M1,609556,4410907,40.3,TRUE,TRUE
ME0472,074,Algar 4,1901M1,609484,4410929,42.9,TRUE,TRUE
ME0473,074,58 Sant Lluís Sud,1901M1,607250,4411745,60.9,FALSE,TRUE
ME0474,074,58 Sant Lluís Nord,1901M1,607239,4411776,61.2,TRUE,TRUE
ME0475,074,Camí Vinyes Sud,1901M1,606954,4410052,51.1,FALSE,TRUE
ME0476,074,Camí Vinyes Nord,1901M1,606968,4410156,51.9,FALSE,TRUE
ME0477,074,Camí Vinyes 3,1901M1,606965,4410436,53.6,FALSE,TRUE
ME0478,074,Camí de Sa Vigia Nou,1901M1,607152,4409815,50.4,FALSE,TRUE
ME0479,074,Sa Vigia Nord,1901M1,607090,4409176,63.9,FALSE,TRUE
ME0480,074,Sa Vigia Sud,1901M1,607041,4409058,69.2,FALSE,TRUE
ME0481,074,Creuemant (Punta Prima) Nord,1901M1,608398,4410474,52.7,FALSE,TRUE
ME0482,074,Creuament (Punta Prima) Sud,1901M1,608457,4410430,51.8,FALSE,TRUE
ME0484,074,Binisafua Nord,1901M1,604299,4410585,47.2,FALSE,TRUE
ME0485,074,Binisafua 3,1901M1,604252,4410560,49.9,FALSE,TRUE
ME0486,074,Carretera Nord (Binibeca Vell),1901M1,606035,4409840,51.0,FALSE,TRUE
ME0487,074,Carretera Sud (Binibeca Vell),1901M1,605988,4409740,45.6,FALSE,TRUE
ME0488,074,Torre Sud (Binibeca Vell),1901M1,605708,4408811,38.9,TRUE,TRUE
ME0492,074,Ctra. Campament (Biniparratx),1901M1,603496,4410797,47.1,FALSE,TRUE
ME0493,074,Cap d'En Font,1901M1,603294,4410254,40.7,FALSE,TRUE
ME0494,074,Binisafua (Roters) 1,1901M1,604912,4409539,32.0,FALSE,TRUE
ME0495,074,Binisafua (Roters) 2,1901M1,604841,4409629,32.8,FALSE,TRUE
ME0496,074,59 Binibèquer Vell,1901M1,606165,4410522,64.2,TRUE,FALSE
ME0497,074,Binibeca nou Tenis,1901M1,606487,4408767,41.3,FALSE,TRUE
ME0498,074,62 Rafalet Vell,1901M1,610084,4411730,41.8,TRUE,FALSE
ME0499,074,S'Algar (Villa Luisa) dipòsit,1901M1,610069,4410587,44.4,FALSE,TRUE
ME0500,074,"64 Son Remei, Sant Lluís",1901M1,608600,4407906,24.6,TRUE,FALSE
ME0502,074,Ctra. Campament Biniparratx,1901M1,603564,4411324,53.5,TRUE,FALSE
ME0503,074,60 Binibèquer Nou,1901M1,606275,4408695,31.5,TRUE,FALSE
ME0512,074,Son Salom,1901M3,570480,4430711,40.1,TRUE,FALSE
